date,open,high,low,close,adjclose
2018-03-23,1401.0,1417.050048828125,1399.0250244140625,1409.074951171875,1305.5755615234375
2018-03-26,1409.5,1413.699951171875,1390.7750244140625,1408.5,1305.0426025390625
2018-03-27,1412.5,1431.5,1411.5250244140625,1423.8499755859375,1319.26513671875
2018-03-28,1417.949951171875,1437.5,1412.5,1424.574951171875,1319.936767578125
2018-04-02,1420.0,1457.0,1420.0,1454.824951171875,1347.965087890625
2018-04-03,1446.050048828125,1464.949951171875,1446.050048828125,1455.625,1348.7064208984375
2018-04-04,1464.7249755859375,1467.0,1446.0,1455.449951171875,1348.5438232421875
2018-04-05,1463.2750244140625,1481.875,1460.175048828125,1478.9749755859375,1370.341064453125
2018-04-06,1477.0,1480.0,1463.2750244140625,1475.1500244140625,1366.7972412109375
2018-04-09,1469.8499755859375,1481.75,1457.5,1461.949951171875,1354.566650390625
2018-04-10,1462.8499755859375,1478.625,1462.8499755859375,1468.800048828125,1360.91357421875
2018-04-11,1475.300048828125,1512.5,1472.800048828125,1507.074951171875,1396.376953125
2018-04-12,1505.0,1575.0,1503.9749755859375,1569.625,1454.3323974609375
2018-04-13,1575.0,1620.4000244140625,1566.050048828125,1576.6500244140625,1460.841796875
2018-04-16,1558.0,1599.9749755859375,1555.375,1593.824951171875,1476.755126953125
2018-04-17,1593.824951171875,1597.4749755859375,1573.5999755859375,1583.300048828125,1467.00341796875
2018-04-18,1583.0,1596.7249755859375,1572.925048828125,1579.550048828125,1463.52880859375
2018-04-19,1589.949951171875,1608.5999755859375,1582.875,1595.574951171875,1478.3763427734375
2018-04-20,1625.0,1711.175048828125,1620.0,1701.2249755859375,1576.266357421875
2018-04-23,1712.0,1778.949951171875,1694.7750244140625,1704.324951171875,1579.138671875
2018-04-24,1705.0,1721.574951171875,1671.25,1692.824951171875,1568.4832763671875
2018-04-25,1692.5,1741.5,1682.5250244140625,1735.125,1607.676513671875
2018-04-26,1733.5,1780.0,1733.5,1769.625,1639.642333984375
2018-04-27,1762.5,1772.0,1710.0,1725.9749755859375,1599.1983642578125
2018-04-30,1725.9749755859375,1774.5,1718.800048828125,1766.050048828125,1636.3297119140625
2018-05-02,1765.25,1766.0999755859375,1735.6500244140625,1749.875,1621.3428955078125
2018-05-03,1754.9000244140625,1763.0,1735.199951171875,1740.925048828125,1613.05029296875
2018-05-04,1746.0,1748.5,1735.0,1740.375,1612.540771484375
2018-05-07,1745.0,1745.0,1705.449951171875,1710.4749755859375,1584.836669921875
2018-05-08,1717.3499755859375,1743.25,1698.3499755859375,1720.5999755859375,1594.218017578125
2018-05-09,1720.0999755859375,1747.375,1720.0999755859375,1744.6500244140625,1616.5018310546875
2018-05-10,1751.4749755859375,1755.574951171875,1720.0999755859375,1725.625,1598.8740234375
2018-05-11,1727.0999755859375,1742.5,1721.25,1728.4749755859375,1601.514892578125
2018-05-14,1728.5,1735.5,1705.4000244140625,1716.7750244140625,1590.674072265625
2018-05-15,1725.0,1747.9000244140625,1716.8499755859375,1741.199951171875,1613.30517578125
2018-05-16,1739.9749755859375,1754.5,1737.625,1746.949951171875,1618.6326904296875
2018-05-17,1756.4749755859375,1766.574951171875,1738.0,1745.9000244140625,1617.65966796875
2018-05-18,1740.4000244140625,1758.8499755859375,1729.0,1751.0250244140625,1622.4080810546875
2018-05-21,1764.3499755859375,1796.0,1759.0250244140625,1778.375,1647.7496337890625
2018-05-22,1779.0,1787.4749755859375,1746.8499755859375,1754.449951171875,1625.5816650390625
2018-05-23,1762.5,1772.5,1740.5,1747.550048828125,1619.188720703125
2018-05-24,1755.0,1807.5,1751.175048828125,1801.8499755859375,1669.500244140625
2018-05-25,1812.5,1837.4000244140625,1786.2750244140625,1792.9000244140625,1661.2076416015625
2018-05-28,1808.25,1808.25,1743.0,1751.0250244140625,1622.4080810546875
2018-05-29,1764.949951171875,1772.0,1744.0,1761.75,1632.345947265625
2018-05-30,1754.5250244140625,1766.5,1741.25,1757.050048828125,1627.99072265625
2018-05-31,1734.0,1759.050048828125,1726.0999755859375,1741.050048828125,1626.589599609375
2018-06-01,1754.0,1757.5,1716.300048828125,1732.449951171875,1618.554931640625
2018-06-04,1745.0,1749.0,1712.5999755859375,1744.25,1629.5789794921875
2018-06-05,1744.0,1751.9000244140625,1711.1500244140625,1721.5999755859375,1608.4183349609375
2018-06-06,1723.0,1734.9000244140625,1715.199951171875,1725.75,1612.295166015625
2018-06-07,1725.0,1749.0,1723.800048828125,1735.550048828125,1621.4510498046875
2018-06-08,1735.0,1757.300048828125,1735.0,1747.0999755859375,1632.2418212890625
2018-06-11,1747.0999755859375,1763.0,1743.0,1749.699951171875,1634.670654296875
2018-06-12,1757.0,1785.0,1753.0,1781.0,1663.9129638671875
2018-06-13,1816.0,1831.6500244140625,1798.0,1824.0999755859375,1704.179443359375
2018-06-14,1830.0,1832.300048828125,1784.0,1787.550048828125,1670.032470703125
2018-06-15,1800.0,1847.0999755859375,1788.5999755859375,1840.050048828125,1719.0810546875
2018-06-18,1867.949951171875,1867.949951171875,1822.1500244140625,1829.0,1708.75732421875
2018-06-19,1822.1500244140625,1839.0,1821.0,1824.5,1704.5533447265625
2018-06-20,1832.0,1836.300048828125,1818.5999755859375,1822.449951171875,1702.637939453125
2018-06-21,1832.0,1832.0,1817.5999755859375,1819.3499755859375,1699.7418212890625
2018-06-22,1827.0,1827.0,1799.550048828125,1809.800048828125,1690.81982421875
2018-06-25,1811.9000244140625,1822.3499755859375,1806.0,1819.25,1699.6484375
2018-06-26,1823.0,1861.0,1821.0,1852.0,1730.2454833984375
2018-06-27,1860.0,1885.1500244140625,1851.25,1858.0,1735.85107421875
2018-06-28,1865.0,1871.0,1826.300048828125,1842.699951171875,1721.5567626953125
2018-06-29,1844.9000244140625,1867.4000244140625,1842.300048828125,1847.75,1726.2744140625
2018-07-02,1852.0,1857.800048828125,1841.0999755859375,1851.3499755859375,1729.63818359375
2018-07-03,1859.949951171875,1879.9000244140625,1857.050048828125,1874.050048828125,1750.8458251953125
2018-07-04,1879.9000244140625,1879.9000244140625,1857.1500244140625,1866.1500244140625,1743.465087890625
2018-07-05,1873.0,1887.5,1862.0999755859375,1880.300048828125,1756.684814453125
2018-07-06,1882.8499755859375,1921.0,1881.6500244140625,1912.949951171875,1787.188232421875
2018-07-09,1924.0,1924.4000244140625,1876.5,1883.0,1759.2073974609375
2018-07-10,1898.0,1898.9000244140625,1870.75,1875.0999755859375,1751.826416015625
2018-07-11,1900.0,1998.0,1894.1500244140625,1979.9000244140625,1849.7369384765625
2018-07-12,1984.0,1990.9000244140625,1960.5,1971.3499755859375,1841.7491455078125
2018-07-13,1975.0,1997.9000244140625,1974.0,1981.0999755859375,1850.858154296875
2018-07-16,1990.0,1996.0,1977.449951171875,1989.199951171875,1858.425537109375
2018-07-17,1989.0,2009.0,1981.0,2002.1500244140625,1874.29296875
2018-07-18,2005.0,2011.699951171875,1993.050048828125,2000.25,1872.5146484375
2018-07-19,2002.0999755859375,2010.449951171875,1970.0,1981.4000244140625,1854.868408203125
2018-07-20,1984.9000244140625,2000.0,1984.0,1996.5999755859375,1869.09765625
2018-07-23,2001.0,2009.949951171875,1986.0,2005.6500244140625,1877.5697021484375
2018-07-24,2015.0,2015.0,1984.1500244140625,1999.0,1871.344482421875
2018-07-25,2001.9000244140625,2002.0,1968.4000244140625,1981.5,1854.961669921875
2018-07-26,1974.949951171875,1985.0,1955.0999755859375,1964.699951171875,1839.234619140625
2018-07-27,1960.8499755859375,1964.6500244140625,1940.300048828125,1943.75,1819.62255859375
2018-07-30,1943.0,1954.699951171875,1931.550048828125,1944.5999755859375,1820.418212890625
2018-07-31,1942.0,1947.0,1928.0,1940.199951171875,1816.299072265625
2018-08-01,1949.949951171875,1981.550048828125,1949.800048828125,1976.5,1850.2808837890625
2018-08-02,1980.0,1985.0,1945.0,1948.4000244140625,1823.9757080078125
2018-08-03,1956.5,1982.050048828125,1956.5,1979.449951171875,1853.0428466796875
2018-08-06,1997.0,1998.949951171875,1972.25,1975.550048828125,1849.391845703125
2018-08-07,1978.199951171875,1979.1500244140625,1960.5,1967.3499755859375,1841.7154541015625
2018-08-08,1972.0,1978.300048828125,1962.0,1974.0,1847.940673828125
2018-08-09,1980.0,1980.800048828125,1966.0,1974.3499755859375,1848.2681884765625
2018-08-10,1980.949951171875,1996.5,1972.050048828125,1993.0999755859375,1865.821044921875
2018-08-13,1997.800048828125,2004.25,1990.0,2000.1500244140625,1872.4208984375
2018-08-14,1992.0,2024.5999755859375,1982.4000244140625,2003.550048828125,1875.6038818359375
2018-08-16,2000.300048828125,2020.050048828125,1995.0,2008.5,1880.237548828125
2018-08-17,2013.8499755859375,2021.9000244140625,2004.0,2012.75,1884.216064453125
2018-08-20,2024.0,2024.0,2003.699951171875,2009.949951171875,1881.594970703125
2018-08-21,2010.1500244140625,2024.0,2004.0,2017.6500244140625,1888.8033447265625
2018-08-23,2022.800048828125,2038.0,2020.300048828125,2035.0999755859375,1905.138916015625
2018-08-24,2035.0999755859375,2046.0,2031.0,2043.0,1912.534423828125
2018-08-27,2043.0,2059.0,2035.0,2050.89990234375,1919.9298095703125
2018-08-28,2055.0,2072.0,2052.0,2069.199951171875,1937.061279296875
2018-08-29,2072.5,2076.60009765625,2045.5999755859375,2072.0,1939.6824951171875
2018-08-30,2068.0,2085.0,2065.5,2082.39990234375,1949.4183349609375
2018-08-31,2082.300048828125,2092.0,2074.0,2078.39990234375,1945.673583984375
2018-09-03,2084.800048828125,2090.0,2048.39990234375,2052.89990234375,1921.80224609375
2018-09-04,2059.800048828125,2104.75,2056.949951171875,2098.89990234375,1964.8648681640625
2018-09-05,2100.0,2107.25,2075.050048828125,2079.25,1946.4693603515625
2018-09-06,2075.0,2081.5,2060.300048828125,2075.300048828125,1942.7718505859375
2018-09-07,2079.300048828125,2084.0,2065.39990234375,2079.85009765625,1947.0313720703125
2018-09-10,2084.39990234375,2093.39990234375,2074.25,2080.75,1947.873779296875
2018-09-11,2089.0,2089.0,2042.199951171875,2046.25,1915.576904296875
2018-09-12,2052.35009765625,2068.89990234375,2040.0,2043.949951171875,1913.423828125
2018-09-14,2044.0,2071.550048828125,2018.1500244140625,2065.39990234375,1933.50390625
2018-09-17,2070.0,2077.800048828125,2054.550048828125,2074.14990234375,1941.694580078125
2018-09-18,2073.0,2078.800048828125,2057.60009765625,2070.75,1938.512451171875
2018-09-19,2071.89990234375,2089.0,2066.85009765625,2077.89990234375,1945.20556640625
2018-09-21,2077.0,2121.0,2050.14990234375,2103.14990234375,1968.8436279296875
2018-09-24,2115.0,2210.5,2098.14990234375,2198.449951171875,2058.057373046875
2018-09-25,2204.89990234375,2211.89990234375,2153.800048828125,2183.199951171875,2043.7813720703125
2018-09-26,2187.0,2199.0,2135.10009765625,2142.14990234375,2005.352294921875
2018-09-27,2141.89990234375,2209.699951171875,2135.800048828125,2188.85009765625,2049.070068359375
2018-09-28,2178.0,2190.0,2158.85009765625,2183.699951171875,2044.249267578125
2018-10-01,2190.89990234375,2275.949951171875,2190.35009765625,2255.550048828125,2111.511474609375
2018-10-03,2250.300048828125,2255.0,2155.60009765625,2162.85009765625,2024.73095703125
2018-10-04,2156.60009765625,2156.64990234375,2056.35009765625,2064.800048828125,1932.9423828125
2018-10-05,2050.0,2120.0,2020.9000244140625,2102.64990234375,1968.3748779296875
2018-10-08,2102.64990234375,2122.199951171875,2048.14990234375,2077.550048828125,1944.878173828125
2018-10-09,2080.35009765625,2107.64990234375,2053.199951171875,2091.800048828125,1958.218017578125
2018-10-10,2100.0,2105.949951171875,2029.0,2043.5999755859375,1913.095947265625
2018-10-11,1985.0,2013.0,1941.0,1979.949951171875,1853.5107421875
2018-10-12,1978.0,1978.0,1903.0,1918.300048828125,1795.797607421875
2018-10-15,1940.0,1955.550048828125,1920.0,1949.5,1825.00537109375
2018-10-16,1958.0,1971.9000244140625,1935.0,1962.300048828125,1836.988037109375
2018-10-17,1970.0,1989.0,1920.0,1929.4000244140625,1806.1888427734375
2018-10-19,1929.0,1929.0,1870.050048828125,1913.199951171875,1791.0235595703125
2018-10-22,1914.0,1916.0,1886.949951171875,1903.0,1781.474853515625
2018-10-23,1888.0,1898.0,1837.0,1843.6500244140625,1729.550537109375
2018-10-24,1852.050048828125,1874.0,1811.0999755859375,1848.5,1734.0999755859375
2018-10-25,1844.0,1876.9000244140625,1825.050048828125,1853.0,1738.32177734375
2018-10-26,1853.9000244140625,1853.9000244140625,1791.0999755859375,1799.0999755859375,1687.757568359375
2018-10-29,1808.699951171875,1877.949951171875,1784.3499755859375,1871.0,1755.2078857421875
2018-10-30,1867.0,1909.4000244140625,1845.0,1894.800048828125,1777.53466796875
2018-10-31,1900.0,1943.9000244140625,1875.449951171875,1938.1500244140625,1818.2017822265625
2018-11-01,1943.6500244140625,1944.3499755859375,1901.300048828125,1935.75,1815.9503173828125
2018-11-02,1934.199951171875,1954.5999755859375,1905.0,1913.449951171875,1795.0306396484375
2018-11-05,1910.0,1927.3499755859375,1884.75,1890.8499755859375,1773.8292236328125
2018-11-06,1894.0,1937.5,1891.0,1932.699951171875,1813.0889892578125
2018-11-07,1940.0,1949.0,1937.0,1942.1500244140625,1821.954345703125
2018-11-09,1961.0,1961.949951171875,1905.0,1909.199951171875,1791.043212890625
2018-11-12,1908.5,1946.0999755859375,1908.5,1914.8499755859375,1796.343994140625
2018-11-13,1915.0,1939.0,1903.0,1934.949951171875,1815.199951171875
2018-11-14,1925.0,1929.9000244140625,1870.0,1880.6500244140625,1764.2606201171875
2018-11-15,1864.0,1899.0,1857.5999755859375,1872.8499755859375,1756.943115234375
2018-11-16,1889.0,1899.800048828125,1870.25,1886.5999755859375,1769.84228515625
2018-11-19,1899.0,1907.3499755859375,1864.300048828125,1902.449951171875,1784.7115478515625
2018-11-20,1902.0,1902.0,1874.199951171875,1878.25,1762.0087890625
2018-11-21,1871.0,1871.050048828125,1798.550048828125,1812.0,1699.8590087890625
2018-11-22,1820.0,1847.5999755859375,1809.949951171875,1812.550048828125,1700.375
2018-11-26,1819.0,1860.0,1784.5,1846.0999755859375,1731.8485107421875
2018-11-27,1854.0,1897.9000244140625,1835.3499755859375,1890.25,1773.266357421875
2018-11-28,1889.0,1989.0,1882.5,1983.9000244140625,1861.1204833984375
2018-11-29,1997.0,1997.0,1942.550048828125,1960.550048828125,1839.2158203125
2018-11-30,1966.0,1991.0,1959.8499755859375,1968.25,1846.43896484375
2018-12-03,1984.0,1990.0,1968.300048828125,1982.4000244140625,1859.71337890625
2018-12-04,1983.0,2019.4000244140625,1971.0,2010.8499755859375,1886.4027099609375
2018-12-05,2006.0,2018.0,1985.0,2006.75,1882.556396484375
2018-12-06,1998.0,2017.0,1979.5999755859375,1992.699951171875,1869.3760986328125
2018-12-07,1985.050048828125,2003.9000244140625,1973.0,1995.199951171875,1871.7210693359375
2018-12-10,1975.0,2011.0,1960.0,1975.800048828125,1853.5220947265625
2018-12-11,1970.0,2010.0,1961.0,2000.0,1876.22412109375
2018-12-12,2001.0999755859375,2022.0,1984.949951171875,2016.800048828125,1891.984375
2018-12-13,2024.0,2029.699951171875,1974.5,1982.5999755859375,1859.90087890625
2018-12-14,1983.0,1998.949951171875,1975.25,1989.75,1866.6083984375
2018-12-17,1999.0,2004.9000244140625,1985.0,1994.300048828125,1870.8770751953125
2018-12-18,1991.9000244140625,2002.0,1976.4000244140625,1987.8499755859375,1864.825927734375
2018-12-19,1984.800048828125,1984.800048828125,1960.050048828125,1968.449951171875,1846.626708984375
2018-12-20,1953.800048828125,1974.9000244140625,1946.0,1954.050048828125,1833.117919921875
2018-12-21,1948.0,1950.0,1886.550048828125,1895.800048828125,1778.4727783203125
2018-12-24,1905.800048828125,1938.9000244140625,1905.0,1918.5,1799.7681884765625
2018-12-26,1921.800048828125,1921.800048828125,1870.25,1889.199951171875,1772.281494140625
2018-12-27,1909.0,1941.699951171875,1872.0999755859375,1908.949951171875,1790.8089599609375
2018-12-28,1915.0,1920.0,1893.0,1896.050048828125,1778.70751953125
2018-12-31,1908.0,1909.0,1886.1500244140625,1893.050048828125,1775.8929443359375
2019-01-01,1896.0,1910.0,1885.0,1902.800048828125,1785.03955078125
2019-01-02,1905.0,1934.449951171875,1900.0,1923.300048828125,1804.2711181640625
2019-01-03,1919.0,1944.949951171875,1893.0999755859375,1899.949951171875,1782.365966796875
2019-01-04,1900.0,1901.199951171875,1841.0,1876.8499755859375,1760.695556640625
2019-01-07,1891.800048828125,1908.800048828125,1881.0,1897.9000244140625,1780.44287109375
2019-01-08,1905.4000244140625,1906.4000244140625,1883.300048828125,1893.550048828125,1776.3624267578125
2019-01-09,1907.4000244140625,1919.0,1866.699951171875,1886.949951171875,1770.1705322265625
2019-01-10,1890.0,1905.0,1872.0999755859375,1888.550048828125,1771.671630859375
2019-01-11,1870.0,1875.0,1835.0,1842.550048828125,1728.518310546875
2019-01-14,1850.0,1851.0,1810.0,1813.25,1701.031982421875
2019-01-15,1810.0,1869.3499755859375,1808.0,1867.800048828125,1752.205810546875
2019-01-16,1870.0,1875.0,1847.0,1870.1500244140625,1754.410400390625
2019-01-17,1878.0,1898.0,1871.300048828125,1894.300048828125,1780.8746337890625
2019-01-18,1881.0,1904.199951171875,1876.0,1900.6500244140625,1786.844482421875
2019-01-21,1902.0,1932.0,1895.449951171875,1908.699951171875,1794.4124755859375
2019-01-22,1907.0999755859375,1918.25,1890.0,1901.9000244140625,1788.019775390625
2019-01-23,1901.0,1906.0999755859375,1870.0,1875.5999755859375,1763.29443359375
2019-01-24,1884.800048828125,1905.25,1875.0,1901.550048828125,1787.6907958984375
2019-01-25,1902.0,1935.0,1901.0,1920.800048828125,1805.7882080078125
2019-01-28,1933.0,1962.0,1925.5,1955.0,1837.9400634765625
2019-01-29,1962.0,1989.050048828125,1936.6500244140625,1982.75,1864.0283203125
2019-01-30,1979.5999755859375,1989.5,1954.6500244140625,1981.4000244140625,1862.7596435546875
2019-01-31,1987.0,2019.75,1985.0,2014.0999755859375,1893.5015869140625
2019-02-01,2009.5,2034.75,1998.0999755859375,2029.949951171875,1908.402587890625
2019-02-04,2029.949951171875,2055.449951171875,2023.0,2050.25,1927.4869384765625
2019-02-05,2050.0,2055.0,2028.0,2044.550048828125,1922.1285400390625
2019-02-06,2049.89990234375,2086.85009765625,2041.050048828125,2074.800048828125,1950.56689453125
2019-02-07,2074.75,2097.949951171875,2067.0,2082.89990234375,1958.181640625
2019-02-08,2075.0,2089.5,2051.0,2061.39990234375,1937.968994140625
2019-02-11,2060.0,2096.0,2048.89990234375,2065.89990234375,1942.1998291015625
2019-02-12,2070.0,2070.0,2018.0,2051.60009765625,1928.755859375
2019-02-14,2060.050048828125,2075.0,2033.050048828125,2044.5999755859375,1922.17529296875
2019-02-15,2049.0,2052.0,2010.949951171875,2029.699951171875,1908.167236328125
2019-02-18,2037.5999755859375,2041.949951171875,1962.6500244140625,1970.300048828125,1852.3240966796875
2019-02-19,1970.0,1971.0,1892.0,1904.800048828125,1790.7457275390625
2019-02-20,1915.0,1933.800048828125,1881.300048828125,1914.75,1800.100341796875
2019-02-21,1914.75,1940.0,1897.050048828125,1914.199951171875,1799.5831298828125
2019-02-22,1917.199951171875,1930.0,1905.0999755859375,1925.6500244140625,1810.3475341796875
2019-02-25,1932.5,1990.0,1930.5,1985.1500244140625,1866.2847900390625
2019-02-26,1984.0,2045.1500244140625,1972.25,2038.699951171875,1916.6285400390625
2019-02-27,2040.0,2074.949951171875,2022.0,2058.10009765625,1934.8668212890625
2019-02-28,2060.0,2071.35009765625,1977.5999755859375,1983.449951171875,1864.6868896484375
2019-03-01,1995.050048828125,2005.0,1980.3499755859375,1995.4000244140625,1875.92138671875
2019-03-05,2005.0,2007.0,1976.5999755859375,1988.0999755859375,1869.058349609375
2019-03-06,1989.300048828125,2015.0,1985.050048828125,1999.5999755859375,1879.86962890625
2019-03-07,2005.0,2024.050048828125,2000.199951171875,2013.300048828125,1892.7493896484375
2019-03-08,2025.0,2033.0,2010.050048828125,2022.699951171875,1901.5865478515625
2019-03-11,2028.9000244140625,2033.0,2003.6500244140625,2014.800048828125,1894.1597900390625
2019-03-12,2014.050048828125,2024.800048828125,2003.0,2012.449951171875,1891.9501953125
2019-03-13,2013.0,2015.9000244140625,1978.5999755859375,2000.5,1880.7159423828125
2019-03-14,2004.949951171875,2007.800048828125,1981.0,1987.4000244140625,1868.400146484375
2019-03-15,1998.9000244140625,2068.949951171875,1991.0,2039.949951171875,1917.8035888671875
2019-03-18,2043.0,2064.60009765625,2011.0,2022.800048828125,1901.6807861328125
2019-03-19,2030.0,2030.0,1995.0999755859375,2022.800048828125,1901.6807861328125
2019-03-20,2028.0,2044.800048828125,2000.0,2015.050048828125,1894.39453125
2019-03-22,2015.0,2016.0,1983.300048828125,2005.6500244140625,1885.5574951171875
2019-03-25,2007.800048828125,2007.800048828125,1977.199951171875,1984.25,1865.4388427734375
2019-03-26,1984.0,1994.949951171875,1958.050048828125,1982.6500244140625,1863.9346923828125
2019-03-27,1994.0,1998.0,1961.0,1967.9000244140625,1850.06787109375
2019-03-28,1980.0,2014.5999755859375,1972.800048828125,2000.300048828125,1880.5279541015625
2019-04-01,2010.0,2039.949951171875,2008.25,2031.6500244140625,1910.000732421875
2019-04-02,2037.0999755859375,2086.0,2037.0,2079.300048828125,1954.79736328125
2019-04-03,2085.0,2089.60009765625,2058.10009765625,2079.300048828125,1954.79736328125
2019-04-04,2078.14990234375,2079.699951171875,2007.4000244140625,2014.5,1893.87744140625
2019-04-05,2028.6500244140625,2054.39990234375,2018.800048828125,2048.300048828125,1925.6536865234375
2019-04-08,2059.0,2075.0,2032.699951171875,2070.75,1946.7593994140625
2019-04-09,2070.0,2098.0,2057.64990234375,2091.5,1966.2672119140625
2019-04-10,2083.0,2085.5,2036.0,2040.25,1918.085693359375
2019-04-11,2045.0,2055.0,2013.6500244140625,2019.5,1898.5780029296875
2019-04-12,2038.0,2039.0,2007.0,2014.5,1893.87744140625
2019-04-15,2070.0,2119.800048828125,2041.0,2113.300048828125,1986.761474609375
2019-04-16,2120.0,2155.949951171875,2115.550048828125,2131.800048828125,2004.1541748046875
2019-04-18,2149.89990234375,2155.0,2114.199951171875,2150.050048828125,2021.3109130859375
2019-04-22,2148.0,2176.0,2145.60009765625,2161.449951171875,2032.0284423828125
2019-04-23,2163.0,2165.5,2134.050048828125,2155.050048828125,2026.0115966796875
2019-04-24,2158.0,2195.0,2156.10009765625,2183.449951171875,2052.711181640625
2019-04-25,2175.0,2205.0,2168.050048828125,2195.0,2063.569580078125
2019-04-26,2203.0,2243.949951171875,2193.14990234375,2238.550048828125,2104.51220703125
2019-04-30,2238.550048828125,2266.949951171875,2230.10009765625,2260.35009765625,2125.007080078125
2019-05-02,2255.0,2259.39990234375,2211.10009765625,2215.39990234375,2082.748046875
2019-05-03,2185.0,2186.050048828125,2125.0,2132.0,2004.3421630859375
2019-05-06,2110.0,2165.0,2108.5,2157.85009765625,2028.64404296875
2019-05-07,2160.050048828125,2184.35009765625,2138.800048828125,2151.949951171875,2023.0972900390625
2019-05-08,2151.0,2168.0,2130.39990234375,2152.85009765625,2023.943603515625
2019-05-09,2145.0,2184.10009765625,2136.10009765625,2172.550048828125,2042.4639892578125
2019-05-10,2175.0,2192.0,2125.85009765625,2135.800048828125,2007.9144287109375
2019-05-13,2133.0,2167.0,2121.64990234375,2128.75,2001.2861328125
2019-05-14,2135.0,2159.800048828125,2072.35009765625,2092.35009765625,1967.06591796875
2019-05-15,2097.0,2124.0,2084.5,2095.39990234375,1969.9332275390625
2019-05-16,2096.0,2124.0,2077.050048828125,2108.75,1982.4840087890625
2019-05-17,2112.60009765625,2135.0,2090.0,2095.449951171875,1969.98046875
2019-05-20,2125.0,2151.39990234375,2050.0,2143.949951171875,2015.576416015625
2019-05-21,2148.050048828125,2148.699951171875,2102.550048828125,2109.75,1983.4237060546875
2019-05-22,2110.0,2121.949951171875,2075.0,2081.75,1957.100830078125
2019-05-23,2098.0,2115.35009765625,2050.0,2054.050048828125,1931.059326171875
2019-05-24,2070.0,2070.0,2032.25,2048.0,1925.3714599609375
2019-05-27,2054.800048828125,2068.949951171875,2040.0999755859375,2055.14990234375,1932.0933837890625
2019-05-28,2060.0,2097.5,2045.0,2073.75,1949.579833984375
2019-05-29,2080.0,2123.699951171875,2077.10009765625,2107.550048828125,1981.35595703125
2019-05-30,2123.0,2156.550048828125,2114.39990234375,2146.300048828125,2017.785888671875
2019-05-31,2160.0,2204.949951171875,2152.25,2196.550048828125,2065.02685546875
2019-06-03,2201.0,2247.64990234375,2185.64990234375,2242.300048828125,2108.037841796875
2019-06-04,2224.0,2224.0,2175.0,2183.10009765625,2068.990966796875
2019-06-06,2199.0,2199.0,2152.0,2166.10009765625,2052.879150390625
2019-06-07,2174.0,2189.800048828125,2142.10009765625,2181.75,2067.711669921875
2019-06-10,2196.699951171875,2235.85009765625,2185.5,2231.5,2114.86083984375
2019-06-11,2237.0,2263.949951171875,2231.0,2252.800048828125,2135.0478515625
2019-06-12,2245.0,2266.89990234375,2219.0,2260.89990234375,2142.72412109375
2019-06-13,2264.0,2285.0,2243.050048828125,2254.10009765625,2136.280029296875
2019-06-14,2257.25,2263.10009765625,2234.0,2254.5,2136.65869140625
2019-06-17,2256.0,2262.0,2241.449951171875,2249.199951171875,2131.63623046875
2019-06-18,2244.0,2260.0,2231.199951171875,2250.85009765625,2133.199951171875
2019-06-19,2255.0,2276.0,2243.14990234375,2259.89990234375,2141.776611328125
2019-06-20,2230.0,2284.0,2212.0,2277.949951171875,2158.883056640625
2019-06-21,2285.0,2292.5,2242.0,2249.85009765625,2132.25244140625
2019-06-24,2254.14990234375,2280.0,2250.800048828125,2275.5,2156.561279296875
2019-06-25,2270.0,2274.449951171875,2250.5,2267.800048828125,2149.263671875
2019-06-26,2265.0,2266.800048828125,2250.0,2254.199951171875,2136.37451171875
2019-06-27,2255.0,2264.0,2241.300048828125,2252.550048828125,2134.81103515625
2019-06-28,2260.0,2261.949951171875,2222.5,2227.199951171875,2110.785888671875
2019-07-01,2235.0,2255.0,2206.60009765625,2239.550048828125,2122.49072265625
2019-07-02,2244.89990234375,2257.0,2216.449951171875,2252.10009765625,2134.38427734375
2019-07-03,2252.199951171875,2258.800048828125,2232.0,2237.64990234375,2120.689453125
2019-07-04,2234.0,2252.0,2230.10009765625,2242.64990234375,2125.428466796875
2019-07-05,2247.0,2250.0,2140.0,2163.10009765625,2050.036865234375
2019-07-08,2149.0,2188.800048828125,2132.10009765625,2175.39990234375,2061.693115234375
2019-07-09,2174.0,2174.39990234375,2104.550048828125,2133.35009765625,2021.841796875
2019-07-10,2080.0,2127.85009765625,2071.300048828125,2108.199951171875,1998.005859375
2019-07-11,2128.0,2129.0,2086.050048828125,2102.550048828125,1992.651123046875
2019-07-12,2102.10009765625,2119.75,2093.10009765625,2107.60009765625,1997.4373779296875
2019-07-15,2125.0,2153.60009765625,2098.0,2145.699951171875,2033.5458984375
2019-07-16,2126.0,2132.5,2100.0,2106.0,2000.582763671875
2019-07-17,2108.0,2125.0,2092.10009765625,2117.25,2011.2698974609375
2019-07-18,2116.199951171875,2116.199951171875,2060.0,2065.949951171875,1962.5377197265625
2019-07-19,2077.0,2097.0,2062.5,2076.949951171875,1972.98681640625
2019-07-22,2077.0,2117.449951171875,2068.800048828125,2109.89990234375,2004.28759765625
2019-07-23,2127.89990234375,2130.0,2102.39990234375,2112.449951171875,2006.709716796875
2019-07-24,2110.0,2120.800048828125,2076.5,2096.800048828125,1991.84375
2019-07-25,2108.89990234375,2135.0,2092.550048828125,2127.89990234375,2021.3861083984375
2019-07-26,2129.800048828125,2129.800048828125,2095.0,2109.050048828125,2003.480224609375
2019-07-29,2110.800048828125,2142.0,2103.300048828125,2130.0,2023.3818359375
2019-07-30,2130.0,2185.0,2120.449951171875,2179.14990234375,2070.0712890625
2019-07-31,2171.75,2211.699951171875,2147.14990234375,2205.699951171875,2095.292724609375
2019-08-01,2200.0,2217.5,2166.25,2180.050048828125,2070.92626953125
2019-08-02,2173.0,2210.0,2165.5,2205.300048828125,2094.911865234375
2019-08-05,2199.89990234375,2252.25,2195.60009765625,2248.60009765625,2136.04541015625
2019-08-06,2232.800048828125,2251.949951171875,2211.449951171875,2214.89990234375,2104.03173828125
2019-08-07,2230.0,2238.5,2207.25,2213.449951171875,2102.654541015625
2019-08-08,2228.89990234375,2281.0,2218.89990234375,2258.10009765625,2145.06884765625
2019-08-09,2260.0,2267.89990234375,2241.35009765625,2246.25,2133.812744140625
2019-08-13,2245.0,2246.25,2194.300048828125,2199.449951171875,2089.355224609375
2019-08-14,2181.10009765625,2217.85009765625,2167.39990234375,2204.39990234375,2094.057373046875
2019-08-16,2241.39990234375,2241.39990234375,2143.25,2165.10009765625,2056.724609375
2019-08-19,2180.0,2186.0,2157.699951171875,2163.0,2054.729736328125
2019-08-20,2172.0,2205.0,2166.5,2186.75,2077.290771484375
2019-08-21,2184.949951171875,2202.0,2182.25,2186.199951171875,2076.768310546875
2019-08-22,2187.0,2235.64990234375,2170.0,2216.0,2105.0771484375
2019-08-23,2214.949951171875,2259.89990234375,2213.89990234375,2247.699951171875,2135.189697265625
2019-08-26,2247.0,2282.0,2225.0,2276.300048828125,2162.358642578125
2019-08-27,2270.0,2274.85009765625,2229.0,2236.5,2124.550537109375
2019-08-28,2240.0,2252.14990234375,2216.0,2239.25,2127.1630859375
2019-08-29,2222.199951171875,2248.199951171875,2222.199951171875,2233.449951171875,2121.6533203125
2019-08-30,2241.0,2266.0,2218.0,2259.60009765625,2146.494384765625
2019-09-03,2270.0,2296.199951171875,2236.949951171875,2251.60009765625,2138.89453125
2019-09-04,2265.0,2270.0,2233.0,2245.39990234375,2133.005126953125
2019-09-05,2242.199951171875,2253.64990234375,2207.300048828125,2215.300048828125,2104.411865234375
2019-09-06,2216.0,2233.5,2192.60009765625,2197.5,2087.5029296875
2019-09-09,2200.0,2202.85009765625,2179.800048828125,2182.85009765625,2073.586181640625
2019-09-11,2186.0,2195.0,2146.550048828125,2154.0,2046.1800537109375
2019-09-12,2155.0,2165.0,2120.35009765625,2133.60009765625,2026.8013916015625
2019-09-13,2135.0,2157.949951171875,2115.550048828125,2141.949951171875,2034.7330322265625
2019-09-16,2159.949951171875,2173.39990234375,2126.39990234375,2150.0,2042.38037109375
2019-09-17,2154.949951171875,2156.550048828125,2105.60009765625,2122.64990234375,2016.3992919921875
2019-09-18,2126.39990234375,2142.949951171875,2113.14990234375,2138.550048828125,2031.503662109375
2019-09-19,2135.0,2135.800048828125,2091.0,2101.949951171875,1996.735595703125
2019-09-20,2104.89990234375,2129.39990234375,2057.0,2065.449951171875,1962.0625
2019-09-23,2099.0,2099.0,1975.0,2015.800048828125,1914.89794921875
2019-09-24,2015.0,2061.0,2013.0,2044.699951171875,1942.351318359375
2019-09-25,2065.0,2092.0,2060.050048828125,2088.449951171875,1983.9111328125
2019-09-26,2097.89990234375,2107.0,2063.0,2087.60009765625,1983.1041259765625
2019-09-27,2085.0,2085.199951171875,2051.39990234375,2056.14990234375,1953.22802734375
2019-09-30,2061.85009765625,2104.0,2060.0,2099.300048828125,1994.218017578125
2019-10-01,2095.949951171875,2095.949951171875,2039.699951171875,2059.949951171875,1956.8377685546875
2019-10-03,2070.0,2081.14990234375,2046.1500244140625,2060.25,1957.1226806640625
2019-10-04,2060.60009765625,2087.949951171875,2054.949951171875,2079.35009765625,1975.266845703125
2019-10-07,2080.0,2094.5,2041.0,2047.699951171875,1945.2010498046875
2019-10-09,2060.0,2060.0,2015.5,2020.0999755859375,1918.9825439453125
2019-10-10,2028.0,2039.050048828125,1997.0999755859375,2004.449951171875,1904.1160888671875
2019-10-11,1931.0,1995.0,1925.0,1986.8499755859375,1887.396728515625
2019-10-14,1995.0,2032.75,1968.0,2021.0,1919.8377685546875
2019-10-15,2032.0,2047.0,2022.699951171875,2037.300048828125,1935.32177734375
2019-10-16,2038.0,2056.0,2016.0,2046.4000244140625,1943.966064453125
2019-10-17,2014.0,2038.0,1999.300048828125,2030.949951171875,1967.7520751953125
2019-10-18,2037.5,2063.89990234375,2025.0,2057.35009765625,1993.330810546875
2019-10-22,2080.0,2111.5,2040.050048828125,2051.39990234375,1987.565673828125
2019-10-23,2060.0,2083.85009765625,2052.5,2070.10009765625,2005.683837890625
2019-10-24,2084.0,2099.0,2061.300048828125,2082.0,2017.2137451171875
2019-10-25,2094.0,2130.0,2075.050048828125,2124.949951171875,2058.826904296875
2019-10-27,2129.0,2129.0,2108.800048828125,2115.699951171875,2049.86474609375
2019-10-29,2121.5,2201.699951171875,2121.5,2194.85009765625,2126.552490234375
2019-10-30,2225.0,2260.0,2176.85009765625,2252.800048828125,2182.69873046875
2019-10-31,2250.0,2284.949951171875,2237.0,2269.64990234375,2199.024658203125
2019-11-01,2264.0,2275.0,2195.0,2200.89990234375,2132.41357421875
2019-11-04,2207.0,2229.199951171875,2180.89990234375,2193.949951171875,2125.68017578125
2019-11-05,2197.0,2211.0,2169.0,2201.85009765625,2133.334228515625
2019-11-06,2200.0,2210.800048828125,2179.0,2188.5,2120.3994140625
2019-11-07,2204.5,2204.5,2175.199951171875,2185.35009765625,2117.347412109375
2019-11-08,2189.60009765625,2189.60009765625,2124.0,2129.949951171875,2063.671630859375
2019-11-11,2135.0,2139.0,2091.0,2100.949951171875,2035.5740966796875
2019-11-13,2118.0,2183.800048828125,2118.0,2178.60009765625,2110.80810546875
2019-11-14,2187.5,2200.0,2146.699951171875,2196.800048828125,2128.441650390625
2019-11-15,2196.0,2211.5,2168.75,2174.449951171875,2106.786865234375
2019-11-18,2178.39990234375,2187.75,2148.75,2152.60009765625,2085.6171875
2019-11-19,2153.0,2154.64990234375,2105.0,2108.800048828125,2043.18017578125
2019-11-20,2121.949951171875,2135.0,2094.5,2108.550048828125,2042.9375
2019-11-21,2112.0,2126.60009765625,2107.39990234375,2118.10009765625,2052.190185546875
2019-11-22,2097.0,2107.0,2060.5,2071.699951171875,2007.234130859375
2019-11-25,2074.550048828125,2084.949951171875,2052.199951171875,2081.5,2016.729248046875
2019-11-26,2089.85009765625,2097.89990234375,2035.050048828125,2046.6500244140625,1982.9637451171875
2019-11-27,2052.0,2071.699951171875,2046.550048828125,2054.300048828125,1990.375732421875
2019-11-28,2067.050048828125,2094.39990234375,2060.0,2077.35009765625,2012.70849609375
2019-11-29,2085.0,2085.0,2045.800048828125,2053.25,1989.3583984375
2019-12-02,2060.0,2067.699951171875,2016.0,2021.050048828125,1958.1602783203125
2019-12-03,2027.699951171875,2062.0,2010.0,2051.0,1987.1783447265625
2019-12-04,2053.0,2082.0,2045.5,2078.5,2013.822265625
2019-12-05,2083.0,2126.800048828125,2068.35009765625,2121.300048828125,2055.290771484375
2019-12-06,2124.0,2128.0,2101.0,2123.60009765625,2057.518798828125
2019-12-09,2127.949951171875,2127.949951171875,2053.5,2060.449951171875,1996.3341064453125
2019-12-10,2060.0,2060.85009765625,2003.25,2012.8499755859375,1950.2154541015625
2019-12-11,2025.4000244140625,2048.0,2006.75,2041.9000244140625,1978.3614501953125
2019-12-12,2051.10009765625,2083.64990234375,1984.0,2020.9000244140625,1958.0150146484375
2019-12-13,2023.0,2077.39990234375,2007.0,2071.25,2006.79833984375
2019-12-16,2096.0,2136.0,2080.300048828125,2126.75,2060.571044921875
2019-12-17,2126.5,2169.0,2119.0,2164.949951171875,2097.58251953125
2019-12-18,2174.0,2203.449951171875,2153.0,2167.75,2100.295166015625
2019-12-19,2179.800048828125,2236.5,2167.550048828125,2229.050048828125,2159.68798828125
2019-12-20,2220.0,2246.699951171875,2208.25,2222.89990234375,2153.72900390625
2019-12-23,2210.0,2241.949951171875,2210.0,2231.699951171875,2162.255126953125
2019-12-24,2239.0,2243.550048828125,2211.14990234375,2215.60009765625,2146.656494140625
2019-12-26,2216.39990234375,2229.0,2195.199951171875,2201.949951171875,2133.431396484375
2019-12-27,2208.0,2226.39990234375,2176.0,2198.5,2130.08837890625
2019-12-30,2207.0,2225.0,2177.10009765625,2183.199951171875,2115.2646484375
2019-12-31,2189.0,2197.0,2157.449951171875,2161.699951171875,2094.43359375
2020-01-01,2168.0,2183.89990234375,2154.0,2167.60009765625,2100.150634765625
2020-01-02,2179.949951171875,2179.949951171875,2149.199951171875,2157.64990234375,2090.509521484375
2020-01-03,2164.0,2223.0,2164.0,2200.64990234375,2132.171630859375
2020-01-06,2205.0,2225.949951171875,2187.89990234375,2200.449951171875,2131.977783203125
2020-01-07,2200.5,2214.64990234375,2183.800048828125,2205.85009765625,2137.209716796875
2020-01-08,2205.0,2260.0,2202.050048828125,2255.25,2185.072509765625
2020-01-09,2248.75,2251.949951171875,2210.0,2214.35009765625,2145.445556640625
2020-01-10,2228.0,2234.0,2208.0,2213.550048828125,2144.670166015625
2020-01-13,2217.85009765625,2218.949951171875,2184.699951171875,2190.35009765625,2122.1923828125
2020-01-14,2195.0,2229.800048828125,2195.0,2206.89990234375,2138.226806640625
2020-01-15,2213.0,2231.0,2194.199951171875,2226.89990234375,2157.605224609375
2020-01-16,2226.949951171875,2249.0,2215.0,2238.800048828125,2169.13427734375
2020-01-17,2240.75,2253.550048828125,2213.0,2219.10009765625,2150.047607421875
2020-01-20,2194.89990234375,2242.199951171875,2156.199951171875,2170.35009765625,2102.814208984375
2020-01-21,2169.949951171875,2186.550048828125,2158.050048828125,2171.050048828125,2103.492919921875
2020-01-22,2181.0,2210.0,2173.699951171875,2206.89990234375,2138.226806640625
2020-01-23,2209.800048828125,2217.75,2183.699951171875,2190.949951171875,2127.59375
2020-01-24,2190.949951171875,2190.949951171875,2170.0,2183.39990234375,2120.261962890625
2020-01-27,2189.699951171875,2193.449951171875,2165.0,2169.25,2106.521484375
2020-01-28,2174.0,2187.800048828125,2152.0,2183.75,2120.601806640625
2020-01-29,2185.0,2186.949951171875,2150.0,2154.60009765625,2092.294921875
2020-01-30,2160.0,2165.0,2125.0,2137.85009765625,2076.02978515625
2020-01-31,2139.39990234375,2144.35009765625,2071.60009765625,2079.050048828125,2018.929443359375
2020-02-03,2152.0,2194.699951171875,2093.199951171875,2102.5,2041.7015380859375
2020-02-04,2129.0,2136.699951171875,2086.60009765625,2107.75,2046.7994384765625
2020-02-05,2115.0,2156.699951171875,2104.300048828125,2146.550048828125,2084.478271484375
2020-02-06,2145.0,2174.199951171875,2115.5,2128.35009765625,2066.8037109375
2020-02-07,2139.0,2151.0,2119.0,2136.550048828125,2074.766845703125
2020-02-10,2140.89990234375,2167.0,2119.0,2161.949951171875,2099.432373046875
2020-02-11,2163.0,2174.800048828125,2147.60009765625,2153.39990234375,2091.129638671875
2020-02-12,2151.10009765625,2185.0,2150.0,2170.75,2107.977783203125
2020-02-13,2172.949951171875,2197.0,2171.0,2191.949951171875,2128.564697265625
2020-02-14,2188.0,2212.0,2171.0,2184.199951171875,2121.03857421875
2020-02-17,2196.949951171875,2217.0,2190.199951171875,2203.25,2139.537841796875
2020-02-18,2199.949951171875,2221.0,2186.050048828125,2215.75,2151.6767578125
2020-02-19,2215.75,2230.0,2190.5,2196.35009765625,2132.837646484375
2020-02-20,2204.5,2214.39990234375,2151.25,2156.800048828125,2094.431396484375
2020-02-24,2156.0,2178.949951171875,2106.699951171875,2115.35009765625,2054.18017578125
2020-02-25,2115.5,2176.64990234375,2111.0,2156.14990234375,2093.800048828125
2020-02-26,2154.0,2163.89990234375,2112.949951171875,2123.60009765625,2062.191162109375
2020-02-27,2119.949951171875,2119.949951171875,2086.199951171875,2105.5,2044.61474609375
2020-02-28,2068.0,2069.5,1990.0,2000.1500244140625,1942.3111572265625
2020-03-02,2035.0,2053.949951171875,1985.699951171875,2001.300048828125,1943.427978515625
2020-03-03,2020.0,2060.0,2012.0,2036.199951171875,1977.31884765625
2020-03-04,2056.0,2094.449951171875,2025.0,2083.199951171875,2022.9595947265625
2020-03-05,2085.699951171875,2147.75,2084.050048828125,2125.050048828125,2063.599365234375
2020-03-06,2098.0,2123.64990234375,2071.60009765625,2116.449951171875,2055.248046875
2020-03-09,2075.0,2079.89990234375,1935.0,1972.3499755859375,1915.315185546875
2020-03-11,1933.0,1987.300048828125,1920.0,1953.699951171875,1897.204345703125
2020-03-12,1904.0,1908.4000244140625,1758.3499755859375,1769.8499755859375,1718.6708984375
2020-03-13,1687.9000244140625,1820.0,1506.050048828125,1806.300048828125,1754.0670166015625
2020-03-16,1755.0,1842.25,1675.8499755859375,1696.4000244140625,1647.3448486328125
2020-03-17,1730.0,1731.0,1623.1500244140625,1658.0,1610.055419921875
2020-03-18,1676.800048828125,1713.550048828125,1627.75,1654.4000244140625,1606.5594482421875
2020-03-19,1559.699951171875,1685.449951171875,1546.75,1636.3499755859375,1600.641357421875
2020-03-20,1630.0,1869.0,1627.0,1797.449951171875,1758.225830078125
2020-03-23,1620.0,1750.0,1617.75,1669.699951171875,1633.2635498046875
2020-03-24,1653.050048828125,1770.0,1632.8499755859375,1703.1500244140625,1665.9835205078125
2020-03-25,1700.0,1810.0,1680.0,1750.300048828125,1712.1048583984375
2020-03-26,1831.5999755859375,1832.050048828125,1722.550048828125,1790.949951171875,1751.867431640625
2020-03-27,1820.0,1850.0,1750.4000244140625,1824.5,1784.685546875
2020-03-30,1766.0,1905.0,1763.550048828125,1778.5,1739.6893310546875
2020-03-31,1837.4000244140625,1855.0,1780.0,1826.0999755859375,1786.2506103515625
2020-04-01,1825.9000244140625,1834.75,1702.0,1708.75,1671.4615478515625
2020-04-03,1740.0,1740.0,1650.0,1654.199951171875,1618.1016845703125
2020-04-07,1710.0,1785.8499755859375,1705.0,1775.199951171875,1736.4613037109375
2020-04-08,1760.0,1806.0,1701.0,1705.449951171875,1668.2332763671875
2020-04-09,1750.449951171875,1778.800048828125,1731.199951171875,1766.1500244140625,1727.60888671875
2020-04-13,1761.0,1787.0,1746.0,1759.25,1720.8592529296875
2020-04-15,1785.0,1812.0,1727.800048828125,1735.1500244140625,1697.285400390625
2020-04-16,1709.949951171875,1764.9000244140625,1675.050048828125,1716.050048828125,1678.6021728515625
2020-04-17,1800.0,1851.949951171875,1753.0,1806.199951171875,1766.784912109375
2020-04-20,1830.0,1830.0,1802.5,1818.6500244140625,1778.9632568359375
2020-04-21,1765.0,1794.5999755859375,1727.699951171875,1737.6500244140625,1699.7308349609375
2020-04-22,1737.6500244140625,1790.0,1719.1500244140625,1769.5,1730.8858642578125
2020-04-23,1780.0,1900.0,1760.8499755859375,1878.25,1837.262451171875
2020-04-24,1840.699951171875,1851.949951171875,1807.800048828125,1818.550048828125,1778.865478515625
2020-04-27,1832.300048828125,1875.0,1825.0,1836.5999755859375,1796.521484375
2020-04-28,1865.0,1868.0,1832.5999755859375,1859.050048828125,1818.481689453125
2020-04-29,1874.0,1912.550048828125,1850.050048828125,1905.6500244140625,1864.064697265625
2020-04-30,1980.0,2032.0,1942.199951171875,2014.449951171875,1970.490478515625
2020-05-04,1966.0,1966.0,1913.6500244140625,1930.449951171875,1888.3233642578125
2020-05-05,1955.0999755859375,1977.0,1927.0,1932.75,1890.573486328125
2020-05-06,1939.800048828125,1953.699951171875,1893.5999755859375,1903.5999755859375,1862.0594482421875
2020-05-07,1910.0,1934.449951171875,1883.3499755859375,1891.6500244140625,1850.370361328125
2020-05-08,1939.0999755859375,1939.5,1886.25,1893.4000244140625,1852.08203125
2020-05-11,1909.0,1951.4000244140625,1909.0,1935.300048828125,1893.0677490234375
2020-05-12,1933.4000244140625,1956.5,1910.25,1949.5,1906.957763671875
2020-05-13,1994.0,1994.0,1925.6500244140625,1949.6500244140625,1907.104736328125
2020-05-14,1910.0,1923.0999755859375,1891.0999755859375,1902.3499755859375,1860.8365478515625
2020-05-15,1916.0,1917.4000244140625,1865.199951171875,1892.9000244140625,1851.5928955078125
2020-05-18,1907.0,1952.949951171875,1872.0999755859375,1945.5999755859375,1903.142822265625
2020-05-19,1903.0,1966.449951171875,1903.0,1948.6500244140625,1906.12646484375
2020-05-20,1950.0,1962.9000244140625,1931.699951171875,1953.5999755859375,1910.96826171875
2020-05-21,1946.0,1998.0,1941.1500244140625,1991.199951171875,1947.7479248046875
2020-05-22,1977.0999755859375,2032.0,1961.25,2020.3499755859375,1976.2618408203125
2020-05-26,2015.0,2024.0,1925.0,1943.0,1900.5997314453125
2020-05-27,1959.0,2010.0,1941.25,2005.300048828125,1961.540283203125
2020-05-28,1988.5,2014.0,1971.300048828125,2004.300048828125,1960.5618896484375
2020-05-29,1982.0,2002.6500244140625,1962.4000244140625,1972.3499755859375,1929.3092041015625
2020-06-01,1990.0,2060.0,1981.0999755859375,2045.25,2000.6185302734375
2020-06-02,2060.199951171875,2081.0,2040.050048828125,2047.1500244140625,2002.476806640625
2020-06-03,2051.85009765625,2063.75,2020.0,2046.1500244140625,2007.3822021484375
2020-06-04,2046.75,2100.0,2046.75,2091.550048828125,2051.921875
2020-06-05,2091.60009765625,2098.0,2040.300048828125,2048.25,2009.4422607421875
2020-06-08,2078.25,2095.0,2062.10009765625,2071.75,2032.4971923828125
2020-06-09,2063.10009765625,2095.5,2060.25,2072.050048828125,2032.791259765625
2020-06-10,2077.050048828125,2132.0,2073.5,2108.75,2068.795654296875
2020-06-11,2100.0,2105.0,2061.800048828125,2067.64990234375,2028.4744873046875
2020-06-12,2011.199951171875,2049.199951171875,2011.0,2039.5,2000.8580322265625
2020-06-15,2039.0999755859375,2059.0,2000.949951171875,2029.9000244140625,1991.4400634765625
2020-06-16,2065.0,2073.949951171875,2031.0,2045.800048828125,2007.038818359375
2020-06-17,2046.0,2058.85009765625,2026.550048828125,2047.800048828125,2009.000732421875
2020-06-18,2045.0,2059.199951171875,2025.199951171875,2038.0999755859375,1999.484619140625
2020-06-19,2042.0,2090.0,2032.0,2044.5999755859375,2005.8614501953125
2020-06-22,2050.0,2052.25,2019.1500244140625,2027.949951171875,1989.52685546875
2020-06-23,2027.0,2044.0,2010.0,2035.300048828125,1996.7376708984375
2020-06-24,2034.0,2064.25,2031.5999755859375,2042.199951171875,2003.5068359375
2020-06-25,2035.0,2060.0,2009.25,2016.0999755859375,1977.9014892578125
2020-06-26,2025.0,2132.0,2019.949951171875,2118.85009765625,2078.704833984375
2020-06-29,2108.0,2127.60009765625,2091.300048828125,2101.64990234375,2061.830322265625
2020-06-30,2100.0,2111.89990234375,2075.050048828125,2082.14990234375,2042.699951171875
2020-07-01,2079.699951171875,2113.949951171875,2079.5,2092.050048828125,2052.41259765625
2020-07-02,2102.0,2165.0,2098.0,2157.14990234375,2116.27880859375
2020-07-03,2163.64990234375,2205.0,2160.25,2199.64990234375,2157.973388671875
2020-07-06,2205.0,2269.89990234375,2205.0,2263.199951171875,2220.3193359375
2020-07-07,2275.0,2302.699951171875,2232.14990234375,2269.89990234375,2226.892822265625
2020-07-08,2270.0,2274.39990234375,2207.60009765625,2218.89990234375,2176.858642578125
2020-07-09,2229.0,2244.5,2191.050048828125,2204.35009765625,2162.584716796875
2020-07-10,2205.25,2249.85009765625,2176.0,2222.35009765625,2180.243896484375
2020-07-13,2220.0,2244.949951171875,2210.0,2220.0,2177.93798828125
2020-07-14,2210.0,2239.0,2165.0,2171.949951171875,2130.798583984375
2020-07-15,2185.0,2260.0,2181.10009765625,2233.89990234375,2191.574462890625
2020-07-16,2244.0,2333.0,2220.10009765625,2234.75,2197.32666015625
2020-07-17,2237.0,2243.89990234375,2190.050048828125,2200.75,2163.896240234375
2020-07-20,2201.0,2226.89990234375,2190.800048828125,2207.89990234375,2170.92626953125
2020-07-21,2230.0,2238.64990234375,2201.14990234375,2225.050048828125,2187.7890625
2020-07-22,2231.0,2231.0,2184.199951171875,2190.949951171875,2154.26025390625
2020-07-23,2190.949951171875,2190.949951171875,2163.0,2171.199951171875,2134.841064453125
2020-07-24,2154.5,2163.0,2125.10009765625,2157.39990234375,2121.27197265625
2020-07-27,2165.0,2215.0,2163.5,2206.800048828125,2169.844970703125
2020-07-28,2215.0,2320.0,2215.0,2309.75,2271.07080078125
2020-07-29,2292.0,2342.0,2246.050048828125,2276.050048828125,2237.935302734375
2020-07-30,2285.89990234375,2358.0,2272.25,2279.5,2241.327392578125
2020-07-31,2303.14990234375,2334.800048828125,2257.449951171875,2281.39990234375,2243.19580078125
2020-08-03,2290.449951171875,2303.85009765625,2230.699951171875,2254.14990234375,2216.402099609375
2020-08-04,2259.949951171875,2269.64990234375,2225.050048828125,2249.699951171875,2212.0263671875
2020-08-05,2260.0,2300.0,2253.0,2259.5,2221.66259765625
2020-08-06,2275.0,2319.5,2265.35009765625,2308.10009765625,2269.448486328125
2020-08-07,2308.0,2328.0,2287.0,2295.35009765625,2256.912109375
2020-08-10,2318.0,2325.0,2276.050048828125,2282.800048828125,2244.572265625
2020-08-11,2283.0,2312.0,2275.60009765625,2279.89990234375,2241.720703125
2020-08-12,2288.35009765625,2296.39990234375,2246.550048828125,2257.35009765625,2219.548583984375
2020-08-13,2273.0,2300.0,2250.5,2254.449951171875,2216.696533203125
2020-08-14,2277.0,2281.300048828125,2233.10009765625,2242.14990234375,2204.6025390625
2020-08-17,2263.0,2270.0,2238.25,2253.39990234375,2215.664306640625
2020-08-18,2262.800048828125,2289.0,2248.300048828125,2269.75,2231.74072265625
2020-08-19,2276.35009765625,2284.60009765625,2252.5,2256.60009765625,2218.81103515625
2020-08-20,2257.0,2276.550048828125,2240.050048828125,2252.85009765625,2215.1240234375
2020-08-21,2260.0,2271.0,2241.050048828125,2248.60009765625,2210.945068359375
2020-08-24,2250.60009765625,2259.949951171875,2230.0,2248.10009765625,2210.45361328125
2020-08-25,2245.0,2250.0,2233.550048828125,2242.64990234375,2205.094482421875
2020-08-26,2242.0,2259.89990234375,2216.449951171875,2253.5,2215.762939453125
2020-08-27,2266.0,2287.35009765625,2241.75,2248.39990234375,2210.748046875
2020-08-28,2268.39990234375,2279.949951171875,2235.10009765625,2238.550048828125,2201.06298828125
2020-08-31,2240.0,2276.199951171875,2228.0,2257.25,2219.450439453125
2020-09-01,2269.0,2278.0,2241.300048828125,2246.35009765625,2208.732666015625
2020-09-02,2247.0,2268.75,2241.64990234375,2265.14990234375,2227.217529296875
2020-09-03,2268.0,2324.0,2268.0,2299.5,2260.9921875
2020-09-04,2275.0,2324.25,2262.949951171875,2288.800048828125,2250.471435546875
2020-09-07,2289.0,2343.5,2283.35009765625,2327.050048828125,2288.0810546875
2020-09-08,2335.949951171875,2390.449951171875,2327.050048828125,2348.199951171875,2308.876708984375
2020-09-09,2325.0,2359.0,2320.0,2327.64990234375,2288.671142578125
2020-09-10,2335.0,2348.5,2324.300048828125,2331.14990234375,2292.1123046875
2020-09-11,2330.949951171875,2383.0,2330.14990234375,2374.10009765625,2334.34326171875
2020-09-14,2384.10009765625,2505.75,2381.85009765625,2491.39990234375,2449.6787109375
2020-09-15,2491.39990234375,2538.0,2464.60009765625,2491.39990234375,2449.6787109375
2020-09-16,2488.949951171875,2507.60009765625,2477.300048828125,2503.0,2461.0849609375
2020-09-17,2480.0,2495.75,2450.60009765625,2460.949951171875,2419.739013671875
2020-09-18,2485.0,2500.39990234375,2436.39990234375,2449.89990234375,2408.873779296875
2020-09-21,2465.0,2504.89990234375,2452.14990234375,2465.300048828125,2424.01611328125
2020-09-22,2485.0,2555.0,2458.0,2522.949951171875,2480.70068359375
2020-09-23,2510.0,2519.85009765625,2409.0,2467.449951171875,2426.129638671875
2020-09-24,2450.0,2450.0,2302.60009765625,2332.25,2293.194091796875
2020-09-25,2368.0,2440.0,2352.10009765625,2422.300048828125,2381.736083984375
2020-09-28,2440.0,2444.0,2366.0,2426.300048828125,2385.669189453125
2020-09-29,2434.85009765625,2511.050048828125,2426.300048828125,2488.39990234375,2446.729248046875
2020-09-30,2489.0,2505.0,2460.0,2492.300048828125,2450.563720703125
2020-10-01,2510.0,2540.0,2492.300048828125,2523.449951171875,2481.1923828125
2020-10-05,2620.0,2728.10009765625,2603.050048828125,2705.800048828125,2660.488525390625
2020-10-06,2736.0,2736.0,2650.10009765625,2714.300048828125,2668.84619140625
2020-10-07,2742.0,2770.0,2703.0,2735.949951171875,2690.1337890625
2020-10-08,2800.0,2885.0,2800.0,2825.699951171875,2778.381103515625
2020-10-09,2810.0,2829.85009765625,2780.0,2812.949951171875,2765.84423828125
2020-10-12,2815.5,2854.0,2800.75,2830.0,2782.60888671875
2020-10-13,2845.0,2854.89990234375,2812.199951171875,2826.550048828125,2779.216552734375
2020-10-14,2842.0,2842.0,2787.550048828125,2809.60009765625,2774.32861328125
2020-10-15,2811.0,2827.75,2727.0,2740.60009765625,2706.195068359375
2020-10-16,2750.10009765625,2771.64990234375,2731.300048828125,2763.300048828125,2728.60986328125
2020-10-19,2774.0,2774.0,2706.60009765625,2711.550048828125,2677.509521484375
2020-10-20,2725.0,2759.89990234375,2717.949951171875,2739.0,2704.614990234375
2020-10-21,2739.0,2749.0,2663.050048828125,2675.39990234375,2641.813232421875
2020-10-22,2661.0,2686.64990234375,2638.10009765625,2671.14990234375,2637.61669921875
2020-10-23,2687.800048828125,2702.0,2670.10009765625,2686.800048828125,2653.0703125
2020-10-26,2689.949951171875,2709.949951171875,2670.5,2688.199951171875,2654.45263671875
2020-10-27,2699.75,2718.14990234375,2624.10009765625,2630.14990234375,2597.13134765625
2020-10-28,2650.0,2655.949951171875,2606.0,2622.199951171875,2589.28125
2020-10-29,2608.0,2655.0,2600.25,2632.64990234375,2599.60009765625
2020-10-30,2636.10009765625,2674.35009765625,2621.60009765625,2664.85009765625,2631.396240234375
2020-11-02,2660.0,2664.85009765625,2600.050048828125,2604.60009765625,2571.902099609375
2020-11-03,2604.0,2665.0,2601.050048828125,2633.60009765625,2600.53857421875
2020-11-04,2610.0,2721.85009765625,2610.0,2653.14990234375,2619.8427734375
2020-11-05,2685.0,2710.0,2667.0,2685.699951171875,2651.984375
2020-11-06,2699.0,2713.25,2681.300048828125,2707.449951171875,2673.4609375
2020-11-09,2731.10009765625,2744.0,2695.10009765625,2726.60009765625,2692.370849609375
2020-11-10,2697.199951171875,2713.14990234375,2638.35009765625,2649.60009765625,2616.33740234375
2020-11-11,2667.949951171875,2692.800048828125,2643.39990234375,2687.800048828125,2654.0576171875
2020-11-12,2686.0,2713.0,2661.75,2671.050048828125,2637.518310546875
2020-11-13,2655.75,2664.89990234375,2636.0,2656.85009765625,2623.49658203125
2020-11-14,2677.949951171875,2689.0,2660.050048828125,2670.35009765625,2636.826904296875
2020-11-17,2695.0,2695.0,2650.050048828125,2666.050048828125,2632.580810546875
2020-11-18,2661.0,2664.199951171875,2607.050048828125,2626.64990234375,2593.67529296875
2020-11-19,2637.0,2676.14990234375,2630.85009765625,2636.89990234375,2603.79638671875
2020-11-20,2655.0,2676.0,2627.550048828125,2660.25,2626.853515625
2020-11-23,2690.0,2730.0,2665.0,2724.25,2690.050048828125
2020-11-24,2734.39990234375,2743.0,2705.0,2722.050048828125,2687.877685546875
2020-11-25,2729.0,2732.949951171875,2688.199951171875,2701.300048828125,2667.388427734375
2020-11-26,2686.0,2730.949951171875,2680.0,2720.60009765625,2686.44580078125
2020-11-27,2705.0,2717.699951171875,2669.050048828125,2679.64990234375,2646.01025390625
2020-12-01,2679.0,2735.89990234375,2624.449951171875,2726.800048828125,2692.56787109375
2020-12-02,2719.0,2754.699951171875,2702.449951171875,2749.550048828125,2715.032470703125
2020-12-03,2773.89990234375,2773.89990234375,2700.800048828125,2709.449951171875,2675.43603515625
2020-12-04,2710.800048828125,2738.85009765625,2699.0,2727.550048828125,2693.30859375
2020-12-07,2715.0,2744.0,2706.14990234375,2737.699951171875,2703.3310546875
2020-12-08,2740.0,2805.550048828125,2732.449951171875,2797.300048828125,2762.18310546875
2020-12-09,2815.0,2840.0,2793.14990234375,2810.800048828125,2775.513671875
2020-12-10,2818.0,2827.300048828125,2780.25,2784.300048828125,2749.34619140625
2020-12-11,2792.699951171875,2807.699951171875,2764.550048828125,2783.60009765625,2748.655517578125
2020-12-14,2802.0,2804.0,2756.25,2797.699951171875,2762.578125
2020-12-15,2786.0,2794.699951171875,2755.0,2761.550048828125,2726.8818359375
2020-12-16,2779.0,2819.800048828125,2760.449951171875,2814.199951171875,2778.87109375
2020-12-17,2811.0,2853.699951171875,2805.0,2838.199951171875,2802.569580078125
2020-12-18,2868.0,2898.0,2846.199951171875,2861.0,2825.08349609375
2020-12-21,2861.0,2886.5,2785.0,2820.14990234375,2784.74609375
2020-12-22,2834.0,2883.64990234375,2818.64990234375,2872.5,2836.438720703125
2020-12-23,2876.050048828125,2919.0,2865.449951171875,2908.75,2872.234130859375
2020-12-24,2909.0,2921.35009765625,2883.199951171875,2909.35009765625,2872.82666015625
2020-12-28,2910.0,2949.699951171875,2902.0,2929.39990234375,2892.624755859375
2020-12-29,2920.0,2952.0,2920.0,2930.5,2893.7109375
2020-12-30,2934.39990234375,2947.699951171875,2902.0,2909.300048828125,2872.77685546875
2020-12-31,2900.0,2905.0,2845.0,2862.75,2826.811279296875
2021-01-01,2880.0,2940.0,2879.0,2928.25,2891.4892578125
2021-01-04,2950.0,3050.75,2940.949951171875,3039.449951171875,3001.293212890625
2021-01-05,3039.60009765625,3114.25,3039.60009765625,3093.0,3054.1708984375
2021-01-06,3100.0,3113.5,3037.199951171875,3051.5,3013.19189453125
2021-01-07,3075.0,3080.85009765625,3000.25,3032.800048828125,2994.7265625
2021-01-08,3090.0,3128.0,3060.0,3120.89990234375,3081.720458984375
2021-01-11,3230.0,3230.0,3146.550048828125,3176.449951171875,3136.572998046875
2021-01-12,3176.449951171875,3210.0,3150.0,3174.85009765625,3134.99365234375
2021-01-13,3175.0,3177.0,3126.25,3158.949951171875,3119.292724609375
2021-01-14,3155.0,3266.5,3120.39990234375,3250.699951171875,3215.99951171875
2021-01-15,3235.0,3274.0,3210.0,3233.35009765625,3198.8349609375
2021-01-18,3250.0,3256.75,3187.39990234375,3221.75,3187.358642578125
2021-01-19,3233.0,3279.0,3232.0,3260.699951171875,3225.892578125
2021-01-20,3270.0,3327.949951171875,3267.10009765625,3308.800048828125,3273.479248046875
2021-01-21,3305.0,3309.14990234375,3262.10009765625,3273.85009765625,3238.90234375
2021-01-22,3241.89990234375,3325.0,3241.89990234375,3303.10009765625,3267.84033203125
2021-01-25,3308.949951171875,3339.800048828125,3278.64990234375,3291.300048828125,3256.166015625
2021-01-27,3300.0,3306.449951171875,3227.0,3261.050048828125,3226.23876953125
2021-01-28,3230.0,3275.0,3183.800048828125,3196.550048828125,3162.427490234375
2021-01-29,3210.050048828125,3216.85009765625,3100.0,3111.35009765625,3078.13720703125
2021-02-01,3100.0,3165.0,3044.10009765625,3139.35009765625,3105.838134765625
2021-02-02,3174.0,3224.0,3150.0,3203.449951171875,3169.253662109375
2021-02-03,3213.0,3236.0,3162.64990234375,3200.050048828125,3165.890380859375
2021-02-04,3216.050048828125,3237.85009765625,3176.0,3188.449951171875,3154.413818359375
2021-02-05,3198.949951171875,3205.85009765625,3129.0,3157.949951171875,3124.239501953125
2021-02-08,3189.5,3226.0,3155.14990234375,3214.10009765625,3179.79052734375
2021-02-09,3195.0,3245.800048828125,3164.0,3176.89990234375,3142.9873046875
2021-02-10,3185.0,3219.39990234375,3157.300048828125,3213.300048828125,3178.99853515625
2021-02-11,3215.0,3219.300048828125,3185.050048828125,3206.0,3171.7763671875
2021-02-12,3184.199951171875,3245.5,3182.0,3190.800048828125,3156.739013671875
2021-02-15,3209.0,3209.0,3131.550048828125,3139.85009765625,3106.3330078125
2021-02-16,3150.0,3167.64990234375,3100.0,3108.800048828125,3075.614013671875
2021-02-17,3105.10009765625,3132.85009765625,3045.550048828125,3073.10009765625,3040.29541015625
2021-02-18,3065.0,3097.89990234375,3031.0,3057.35009765625,3024.713623046875
2021-02-19,3058.0,3087.14990234375,3016.14990234375,3071.85009765625,3039.058837890625
2021-02-22,3096.0,3096.0,2943.14990234375,2958.449951171875,2926.869140625
2021-02-23,2970.0,3028.0,2968.0,2980.199951171875,2948.386962890625
2021-02-24,2972.0,3003.35009765625,2921.14990234375,2948.10009765625,2916.6298828125
2021-02-25,2974.0,3029.89990234375,2968.449951171875,2995.300048828125,2963.325927734375
2021-02-26,2960.0,2972.35009765625,2880.0,2894.300048828125,2863.404052734375
2021-03-01,2926.0,2965.0,2901.800048828125,2924.199951171875,2892.98486328125
2021-03-02,2960.0,3025.0,2948.0,3006.35009765625,2974.258056640625
2021-03-03,3035.0,3064.0,2996.89990234375,3059.10009765625,3026.444580078125
2021-03-04,3023.0,3081.449951171875,3016.050048828125,3049.699951171875,3017.14501953125
2021-03-05,3016.10009765625,3063.199951171875,2996.60009765625,3008.050048828125,2975.939697265625
2021-03-08,3016.0,3033.0,2996.0,3006.949951171875,2974.8515625
2021-03-09,3006.949951171875,3066.89990234375,2992.10009765625,3050.949951171875,3018.381591796875
2021-03-10,3075.0,3093.199951171875,3060.0,3070.949951171875,3038.168212890625
2021-03-12,3075.0,3117.0,3041.35009765625,3057.949951171875,3025.30712890625
2021-03-15,3041.0,3099.0,3041.0,3066.14990234375,3033.41943359375
2021-03-16,3060.0,3141.0,3060.0,3110.050048828125,3076.85107421875
2021-03-17,3105.0,3155.0,3085.300048828125,3112.949951171875,3079.7197265625
2021-03-18,3125.949951171875,3146.449951171875,2987.050048828125,3036.5,3004.086181640625
2021-03-19,3030.0,3099.0,3005.0,3050.199951171875,3017.6396484375
2021-03-22,3048.699951171875,3139.449951171875,3018.64990234375,3129.64990234375,3096.241455078125
2021-03-23,3140.0,3169.0,3122.85009765625,3142.60009765625,3109.053466796875
2021-03-24,3111.199951171875,3152.300048828125,3111.14990234375,3121.10009765625,3087.783203125
2021-03-25,3112.199951171875,3130.85009765625,3050.0,3064.85009765625,3032.13330078125
2021-03-26,3090.64990234375,3118.0,3043.050048828125,3066.800048828125,3034.062744140625
2021-03-30,3083.0,3188.449951171875,3060.89990234375,3158.550048828125,3124.833251953125
2021-03-31,3155.0,3205.0,3132.0,3177.85009765625,3143.92724609375
2021-04-01,3191.10009765625,3215.0,3145.0,3165.0,3131.214111328125
2021-04-05,3171.0,3263.0,3151.0,3238.89990234375,3204.3251953125
2021-04-06,3275.0,3275.0,3230.0,3264.699951171875,3229.849853515625
2021-04-07,3259.0,3277.550048828125,3234.800048828125,3271.39990234375,3236.478515625
2021-04-08,3270.0,3335.0,3266.050048828125,3317.35009765625,3281.93798828125
2021-04-09,3354.0,3354.35009765625,3308.0,3322.25,3286.785888671875
2021-04-12,3322.25,3338.10009765625,3213.199951171875,3246.550048828125,3211.89404296875
2021-04-13,3214.0,3214.0,3073.050048828125,3104.050048828125,3070.914794921875
2021-04-15,3160.300048828125,3237.25,3087.449951171875,3218.949951171875,3184.58837890625
2021-04-16,3229.0,3247.0,3182.60009765625,3195.14990234375,3161.04248046875
2021-04-19,3169.0,3189.0,3135.10009765625,3161.800048828125,3128.048583984375
2021-04-20,3225.0,3225.35009765625,3126.35009765625,3144.550048828125,3110.982666015625
2021-04-22,3148.0,3148.0,3105.25,3118.800048828125,3085.50732421875
2021-04-23,3105.0,3119.0,3091.050048828125,3109.5,3076.306640625
2021-04-26,3102.050048828125,3153.0,3088.050048828125,3100.800048828125,3067.69970703125
2021-04-27,3106.0,3136.10009765625,3103.0,3132.0,3098.56640625
2021-04-28,3149.949951171875,3151.0,3112.0,3124.10009765625,3090.7509765625
2021-04-29,3145.60009765625,3157.35009765625,3105.5,3115.25,3081.995361328125
2021-04-30,3099.0,3132.050048828125,3020.0,3035.64990234375,3003.2451171875
2021-05-03,3024.89990234375,3055.0,3004.0,3037.0,3004.5810546875
2021-05-04,3062.800048828125,3090.0,3035.0,3049.75,3017.1943359375
2021-05-05,3070.0,3099.39990234375,3052.39990234375,3095.699951171875,3062.654052734375
2021-05-06,3105.5,3134.0,3074.0,3111.449951171875,3078.236083984375
2021-05-07,3133.0,3159.85009765625,3111.800048828125,3132.89990234375,3099.45703125
2021-05-10,3145.949951171875,3164.199951171875,3125.0,3145.5,3111.92236328125
2021-05-11,3125.0,3128.10009765625,3091.14990234375,3122.60009765625,3089.26708984375
2021-05-12,3120.0,3120.0,3070.60009765625,3087.60009765625,3054.640625
2021-05-14,3098.5,3098.5,3040.0,3051.5,3018.92578125
2021-05-17,3055.0,3075.199951171875,3036.0,3069.75,3036.9814453125
2021-05-18,3100.0,3124.0,3078.0,3088.800048828125,3055.827880859375
2021-05-19,3084.0,3118.0,3067.10009765625,3082.0,3049.10009765625
2021-05-20,3067.10009765625,3088.800048828125,3052.10009765625,3060.0,3027.3349609375
2021-05-21,3061.0,3088.199951171875,3055.10009765625,3080.5,3047.6162109375
2021-05-24,3081.5,3105.0,3072.0,3081.5,3048.605712890625
2021-05-25,3092.0,3128.25,3082.10009765625,3114.0,3095.828369140625
2021-05-26,3120.0,3165.0,3103.800048828125,3158.5,3140.06884765625
2021-05-27,3161.949951171875,3217.75,3161.800048828125,3180.0,3161.443359375
2021-05-28,3189.5,3198.0,3135.64990234375,3143.60009765625,3125.255859375
2021-05-31,3150.0,3170.35009765625,3128.60009765625,3159.14990234375,3140.71484375
2021-06-01,3168.60009765625,3169.949951171875,3132.0,3153.0,3134.600830078125
2021-06-02,3150.85009765625,3159.449951171875,3115.0,3129.449951171875,3111.18798828125
2021-06-03,3154.550048828125,3154.550048828125,3122.64990234375,3141.25,3122.91943359375
2021-06-04,3128.0,3156.85009765625,3125.0,3143.75,3125.40478515625
2021-06-07,3145.0,3190.449951171875,3133.60009765625,3183.199951171875,3164.624755859375
2021-06-08,3198.0,3231.0,3187.199951171875,3200.14990234375,3181.4755859375
2021-06-09,3202.0,3220.0,3186.199951171875,3200.25,3181.5751953125
2021-06-10,3210.0,3224.0,3193.0,3216.800048828125,3198.028564453125
2021-06-11,3211.550048828125,3309.0,3211.0,3273.800048828125,3254.696044921875
2021-06-14,3279.0,3308.699951171875,3270.35009765625,3276.35009765625,3257.23095703125
2021-06-15,3298.0,3298.0,3251.550048828125,3262.75,3243.71044921875
2021-06-16,3262.10009765625,3294.699951171875,3253.0,3274.35009765625,3255.242919921875
2021-06-17,3265.5,3336.050048828125,3260.0,3317.75,3298.389404296875
2021-06-18,3350.89990234375,3358.0,3275.0,3297.300048828125,3278.058837890625
2021-06-21,3265.0,3286.0,3251.699951171875,3273.10009765625,3254.000244140625
2021-06-22,3304.0,3327.050048828125,3285.0,3301.199951171875,3281.935791015625
2021-06-23,3329.0,3329.0,3256.39990234375,3261.39990234375,3242.3681640625
2021-06-24,3284.0,3383.0,3278.5,3373.60009765625,3353.913330078125
2021-06-25,3375.25,3399.64990234375,3350.0,3380.800048828125,3361.071533203125
2021-06-28,3391.5,3391.5,3333.0,3336.75,3317.278564453125
2021-06-29,3342.0,3366.300048828125,3326.5,3340.85009765625,3321.35498046875
2021-06-30,3346.0,3382.0,3338.5,3345.75,3326.22607421875
2021-07-01,3358.0,3362.0,3332.35009765625,3341.5,3322.0009765625
2021-07-02,3331.0,3339.699951171875,3295.199951171875,3325.449951171875,3306.04443359375
2021-07-05,3342.0,3374.0,3302.0,3321.0,3301.62060546875
2021-07-06,3313.0,3328.0,3256.10009765625,3262.300048828125,3243.262939453125
2021-07-07,3275.0,3282.699951171875,3241.60009765625,3274.949951171875,3255.8388671875
2021-07-08,3298.0,3298.0,3231.89990234375,3258.5,3239.485107421875
2021-07-09,3250.0,3282.0,3201.0,3208.14990234375,3189.4287109375
2021-07-12,3235.0,3236.0,3188.35009765625,3193.10009765625,3174.466796875
2021-07-13,3214.0,3214.0,3175.0,3187.550048828125,3168.949462890625
2021-07-14,3187.0,3222.0,3185.0,3214.550048828125,3195.79150390625
2021-07-15,3227.60009765625,3231.85009765625,3194.0,3202.949951171875,3191.208251953125
2021-07-16,3213.0,3219.85009765625,3192.0,3194.800048828125,3183.08837890625
2021-07-19,3180.0,3199.800048828125,3176.0,3184.60009765625,3172.92578125
2021-07-20,3184.60009765625,3215.0,3156.14990234375,3205.800048828125,3194.048095703125
2021-07-22,3190.0,3224.949951171875,3190.0,3216.35009765625,3204.559326171875
2021-07-23,3230.0,3241.550048828125,3206.64990234375,3212.85009765625,3201.072265625
2021-07-26,3200.0,3224.25,3190.85009765625,3197.550048828125,3185.828369140625
2021-07-27,3200.0,3210.0,3161.14990234375,3182.949951171875,3171.28173828125
2021-07-28,3188.0,3204.449951171875,3132.39990234375,3197.800048828125,3186.077392578125
2021-07-29,3200.25,3225.449951171875,3190.300048828125,3195.800048828125,3184.084716796875
2021-07-30,3219.0,3223.5,3162.35009765625,3167.449951171875,3155.838623046875
2021-08-02,3180.0,3224.89990234375,3167.0,3219.39990234375,3207.59814453125
2021-08-03,3229.0,3290.0,3218.949951171875,3284.89990234375,3272.85791015625
2021-08-04,3300.0,3305.199951171875,3261.199951171875,3273.949951171875,3261.947998046875
2021-08-05,3275.0,3315.0,3262.5,3283.949951171875,3271.91162109375
2021-08-06,3272.550048828125,3324.0,3265.0,3309.800048828125,3297.666748046875
2021-08-09,3323.89990234375,3337.0,3310.0,3322.699951171875,3310.51953125
2021-08-10,3315.60009765625,3349.89990234375,3315.60009765625,3333.89990234375,3321.67822265625
2021-08-11,3350.0,3360.0,3327.10009765625,3344.199951171875,3331.940673828125
2021-08-12,3326.0,3368.0,3326.0,3351.75,3339.462890625
2021-08-13,3360.75,3480.0,3357.5,3463.39990234375,3450.70361328125
2021-08-16,3460.0,3494.35009765625,3436.5,3472.949951171875,3460.218505859375
2021-08-17,3482.10009765625,3560.800048828125,3463.0,3553.050048828125,3540.025146484375
2021-08-18,3573.85009765625,3595.0,3536.60009765625,3560.550048828125,3547.49755859375
2021-08-20,3506.0,3575.0,3500.0,3559.5,3546.451416015625
2021-08-23,3580.0,3673.0,3561.89990234375,3637.39990234375,3624.065673828125
2021-08-24,3657.0,3667.35009765625,3594.39990234375,3613.199951171875,3599.95458984375
2021-08-25,3610.0,3697.75,3607.050048828125,3659.0,3645.586669921875
2021-08-26,3660.0,3687.60009765625,3647.89990234375,3671.85009765625,3658.3896484375
2021-08-27,3666.0,3729.5,3651.10009765625,3720.14990234375,3706.512451171875
2021-08-30,3715.0,3740.35009765625,3687.60009765625,3701.300048828125,3687.731689453125
2021-08-31,3709.39990234375,3804.10009765625,3703.449951171875,3786.449951171875,3772.5693359375
2021-09-01,3796.0,3816.699951171875,3707.0,3714.949951171875,3701.33154296875
2021-09-02,3734.0,3859.14990234375,3722.0,3836.75,3822.68505859375
2021-09-03,3825.0,3856.89990234375,3804.550048828125,3842.050048828125,3827.965576171875
2021-09-06,3849.699951171875,3877.60009765625,3814.0,3852.0,3837.879150390625
2021-09-07,3864.0,3869.949951171875,3808.25,3815.89990234375,3801.911376953125
2021-09-08,3810.0,3815.0,3756.0,3774.14990234375,3760.314453125
2021-09-09,3789.699951171875,3808.699951171875,3765.0,3791.39990234375,3777.501220703125
2021-09-13,3767.0,3852.39990234375,3767.0,3845.35009765625,3831.253662109375
2021-09-14,3849.949951171875,3896.5,3825.0,3885.89990234375,3871.65478515625
2021-09-15,3882.10009765625,3980.0,3866.0,3954.550048828125,3940.053466796875
2021-09-16,3930.0,3981.75,3892.10009765625,3903.300048828125,3888.9912109375
2021-09-17,3920.0,3945.0,3805.0,3827.85009765625,3813.817626953125
2021-09-20,3809.0,3871.0,3807.85009765625,3823.5,3809.483642578125
2021-09-21,3858.0,3871.550048828125,3821.64990234375,3862.949951171875,3848.7890625
2021-09-22,3862.5,3896.85009765625,3852.449951171875,3862.14990234375,3847.99169921875
2021-09-23,3870.0,3879.0,3835.0,3869.25,3855.06591796875
2021-09-24,3890.0,3944.39990234375,3855.0,3871.300048828125,3857.108642578125
2021-09-27,3900.0,3904.0,3802.89990234375,3836.949951171875,3822.88427734375
2021-09-28,3850.0,3850.0,3751.25,3779.14990234375,3765.296142578125
2021-09-29,3759.800048828125,3806.0,3722.14990234375,3791.89990234375,3777.999267578125
2021-09-30,3805.0,3805.0,3750.10009765625,3775.550048828125,3761.70947265625
2021-10-01,3781.75,3810.0,3725.0,3730.199951171875,3716.525634765625
2021-10-04,3724.800048828125,3783.64990234375,3707.449951171875,3773.300048828125,3759.467529296875
2021-10-05,3754.0,3840.0,3741.60009765625,3833.300048828125,3819.247802734375
2021-10-06,3836.0,3857.449951171875,3795.0,3810.89990234375,3796.9296875
2021-10-07,3830.0,3899.0,3820.050048828125,3892.89990234375,3878.629150390625
2021-10-08,3925.0,3989.89990234375,3900.0,3935.64990234375,3921.222412109375
2021-10-11,3755.0,3757.5,3660.0,3685.60009765625,3672.089111328125
2021-10-12,3706.0,3707.0,3630.60009765625,3652.85009765625,3639.459228515625
2021-10-13,3650.0,3675.449951171875,3645.0,3655.199951171875,3641.800537109375
2021-10-14,3625.0,3670.0,3608.199951171875,3611.449951171875,3605.114990234375
2021-10-18,3603.449951171875,3652.699951171875,3601.449951171875,3647.14990234375,3640.75244140625
2021-10-19,3669.0,3690.10009765625,3625.199951171875,3634.14990234375,3627.775146484375
2021-10-20,3612.0,3630.0,3578.300048828125,3608.85009765625,3602.519775390625
2021-10-21,3604.10009765625,3607.449951171875,3511.25,3532.5,3526.3037109375
2021-10-22,3560.0,3561.60009765625,3485.0,3498.85009765625,3492.712646484375
2021-10-25,3503.0,3514.550048828125,3450.0,3492.949951171875,3486.822998046875
2021-10-26,3494.5,3529.0,3475.0,3482.60009765625,3476.4912109375
2021-10-27,3483.0,3511.25,3483.0,3489.75,3483.628662109375
2021-10-28,3518.0,3518.0,3415.0,3421.64990234375,3415.64794921875
2021-10-29,3400.050048828125,3461.0,3385.949951171875,3397.75,3391.7900390625
2021-11-01,3437.949951171875,3487.0,3412.949951171875,3476.39990234375,3470.302001953125
2021-11-02,3494.0,3513.60009765625,3469.75,3484.199951171875,3478.08837890625
2021-11-03,3504.199951171875,3519.89990234375,3466.050048828125,3492.25,3486.124267578125
2021-11-04,3512.949951171875,3513.25,3505.0,3508.64990234375,3502.495361328125
2021-11-08,3548.0,3548.0,3481.199951171875,3502.75,3496.605712890625
2021-11-09,3508.0,3535.0,3496.0,3505.699951171875,3499.550537109375
2021-11-10,3498.0,3519.699951171875,3480.199951171875,3484.300048828125,3478.188232421875
2021-11-11,3480.0,3510.050048828125,3436.0,3488.199951171875,3482.081298828125
2021-11-12,3506.0,3534.14990234375,3485.699951171875,3526.050048828125,3519.864990234375
2021-11-15,3528.0,3569.60009765625,3528.0,3553.300048828125,3547.067138671875
2021-11-16,3569.0,3575.550048828125,3542.0,3556.39990234375,3550.16162109375
2021-11-17,3550.60009765625,3562.85009765625,3506.39990234375,3521.89990234375,3515.72216796875
2021-11-18,3515.14990234375,3520.85009765625,3451.60009765625,3475.699951171875,3469.603271484375
2021-11-22,3478.39990234375,3515.949951171875,3440.300048828125,3458.39990234375,3452.33349609375
2021-11-23,3445.0,3480.949951171875,3407.800048828125,3464.25,3458.17333984375
2021-11-24,3472.199951171875,3493.050048828125,3424.0,3443.300048828125,3437.26025390625
2021-11-25,3443.89990234375,3463.0,3434.050048828125,3445.89990234375,3439.85546875
2021-11-26,3425.0,3490.0,3411.89990234375,3446.85009765625,3440.803955078125
2021-11-29,3447.14990234375,3529.35009765625,3406.449951171875,3502.0,3495.857177734375
2021-11-30,3491.0,3563.75,3491.0,3529.14990234375,3522.95947265625
2021-12-01,3535.0,3590.0,3535.0,3577.800048828125,3571.524169921875
2021-12-02,3589.199951171875,3648.0,3574.10009765625,3642.89990234375,3636.509765625
2021-12-03,3646.449951171875,3665.949951171875,3630.85009765625,3640.449951171875,3634.064208984375
2021-12-06,3640.449951171875,3658.0,3522.0,3536.39990234375,3530.19677734375
2021-12-07,3562.5,3598.0,3524.300048828125,3584.5,3578.21240234375
2021-12-08,3601.0,3646.449951171875,3601.0,3626.89990234375,3620.537841796875
2021-12-09,3610.0,3634.75,3566.0,3601.75,3595.43212890625
2021-12-10,3585.0,3642.0,3575.10009765625,3636.800048828125,3630.420654296875
2021-12-13,3650.0,3662.0,3601.699951171875,3609.64990234375,3603.318115234375
2021-12-14,3605.0,3635.0,3576.699951171875,3623.800048828125,3617.443603515625
2021-12-15,3620.0,3623.0,3558.14990234375,3570.35009765625,3564.08740234375
2021-12-16,3582.0,3608.449951171875,3570.0,3581.60009765625,3575.317626953125
2021-12-17,3602.5,3651.35009765625,3573.699951171875,3584.35009765625,3578.062744140625
2021-12-20,3589.0,3606.0,3510.14990234375,3556.89990234375,3550.66064453125
2021-12-21,3582.64990234375,3641.199951171875,3566.39990234375,3608.300048828125,3601.970703125
2021-12-22,3624.0,3636.800048828125,3606.25,3630.75,3624.38134765625
2021-12-23,3648.0,3670.5,3630.0,3662.699951171875,3656.275146484375
2021-12-24,3685.0,3705.0,3644.800048828125,3670.89990234375,3664.460693359375
2021-12-27,3671.0,3700.0,3653.10009765625,3696.10009765625,3689.61669921875
2021-12-28,3710.0,3725.0,3693.85009765625,3706.550048828125,3700.04833984375
2021-12-29,3692.25,3719.949951171875,3685.0,3694.699951171875,3688.218994140625
2021-12-30,3681.35009765625,3740.0,3680.0,3733.75,3727.20068359375
2021-12-31,3742.800048828125,3760.0,3731.300048828125,3738.35009765625,3731.792724609375
2022-01-03,3750.0,3830.0,3745.0,3817.75,3811.05322265625
2022-01-04,3831.10009765625,3889.14990234375,3811.699951171875,3884.75,3877.935791015625
2022-01-05,3865.0,3870.0,3812.39990234375,3860.949951171875,3854.177490234375
2022-01-06,3812.0,3835.0,3772.0,3807.449951171875,3800.771240234375
2022-01-07,3820.0,3864.89990234375,3796.39990234375,3853.5,3846.740478515625
2022-01-10,3978.0,3978.0,3861.0,3879.85009765625,3873.04443359375
2022-01-11,3856.0,3925.0,3856.0,3915.89990234375,3909.031005859375
2022-01-12,3925.0,3929.0,3836.550048828125,3859.89990234375,3853.129150390625
2022-01-13,3918.0,3923.0,3857.0,3897.89990234375,3891.0625
2022-01-14,3877.85009765625,3977.0,3860.050048828125,3968.14990234375,3961.189453125
2022-01-17,3992.699951171875,4043.0,3962.300048828125,4019.14990234375,4012.099853515625
2022-01-18,4033.949951171875,4041.699951171875,3980.0,3990.60009765625,3983.60009765625
2022-01-19,4012.0,4012.0,3910.5,3914.64990234375,3914.64990234375
2022-01-20,3910.0,3920.0,3811.0,3826.550048828125,3826.550048828125
2022-01-21,3807.0,3851.550048828125,3771.10009765625,3833.5,3833.5
2022-01-24,3840.0,3849.64990234375,3740.10009765625,3771.35009765625,3771.35009765625
2022-01-25,3769.5,3809.39990234375,3722.199951171875,3769.89990234375,3769.89990234375
2022-01-27,3731.0,3733.39990234375,3625.10009765625,3649.25,3649.25
2022-01-28,3646.0,3729.800048828125,3646.0,3690.050048828125,3690.050048828125
2022-01-31,3749.0,3758.0,3721.39990234375,3736.25,3736.25
2022-02-01,3770.0,3808.0,3736.39990234375,3800.64990234375,3800.64990234375
2022-02-02,3827.89990234375,3864.0,3800.64990234375,3856.199951171875,3856.199951171875
2022-02-03,3851.0,3882.5,3816.050048828125,3824.60009765625,3824.60009765625
2022-02-04,3815.300048828125,3824.699951171875,3769.0,3814.89990234375,3814.89990234375
2022-02-07,3791.0,3831.800048828125,3756.14990234375,3779.0,3779.0
2022-02-08,3791.550048828125,3799.699951171875,3721.0,3743.449951171875,3743.449951171875
2022-02-09,3750.0,3777.949951171875,3746.10009765625,3760.550048828125,3760.550048828125
2022-02-10,3789.800048828125,3789.800048828125,3758.0,3770.35009765625,3770.35009765625
2022-02-11,3752.5,3752.5,3690.0,3694.949951171875,3694.949951171875
2022-02-14,3724.0,3793.25,3710.0,3733.75,3733.75
2022-02-15,3786.0,3835.0,3748.0,3817.800048828125,3817.800048828125
2022-02-16,3844.0,3854.10009765625,3806.0,3813.10009765625,3813.10009765625
2022-02-17,3825.0,3835.0,3779.0,3784.199951171875,3784.199951171875
2022-02-18,3769.0,3815.949951171875,3757.60009765625,3793.89990234375,3793.89990234375
2022-02-21,3810.0,3827.800048828125,3705.550048828125,3719.39990234375,3719.39990234375
2022-02-22,3650.0,3667.89990234375,3570.0,3586.39990234375,3586.39990234375
2022-02-23,3611.0,3622.89990234375,3555.64990234375,3563.800048828125,3563.800048828125
2022-02-24,3474.0,3483.85009765625,3391.10009765625,3401.64990234375,3401.64990234375
2022-02-25,3468.0,3530.0,3462.0,3520.75,3520.75
2022-02-28,3490.0,3563.75,3455.89990234375,3554.199951171875,3554.199951171875
2022-03-02,3552.5,3571.949951171875,3506.0,3546.14990234375,3546.14990234375
2022-03-03,3562.85009765625,3578.60009765625,3530.10009765625,3544.39990234375,3544.39990234375
2022-03-04,3501.5,3561.199951171875,3487.050048828125,3524.35009765625,3524.35009765625
2022-03-07,3450.0,3548.0,3431.550048828125,3484.89990234375,3484.89990234375
2022-03-08,3460.0,3609.0,3460.0,3599.949951171875,3599.949951171875
2022-03-09,3605.0,3654.0,3597.050048828125,3632.60009765625,3632.60009765625
2022-03-10,3684.0,3684.0,3615.0,3620.949951171875,3620.949951171875
2022-03-11,3603.25,3639.85009765625,3592.85009765625,3599.14990234375,3599.14990234375
2022-03-14,3580.0,3648.35009765625,3580.0,3643.0,3643.0
2022-03-15,3659.0,3659.0,3585.39990234375,3593.89990234375,3593.89990234375
2022-03-16,3640.5,3668.0,3616.25,3655.89990234375,3655.89990234375
2022-03-17,3696.60009765625,3710.0,3660.300048828125,3672.75,3672.75
2022-03-21,3696.0,3713.949951171875,3615.0,3626.699951171875,3626.699951171875
2022-03-22,3640.0,3711.0,3625.0,3700.949951171875,3700.949951171875
2022-03-23,3708.0,3729.800048828125,3690.0,3712.39990234375,3712.39990234375
2022-03-24,3700.0,3758.199951171875,3695.0,3749.85009765625,3749.85009765625
2022-03-25,3759.89990234375,3779.5,3672.0,3707.449951171875,3707.449951171875
2022-03-28,3695.0,3713.0,3661.199951171875,3707.699951171875,3707.699951171875
2022-03-29,3694.75,3722.0,3691.0,3705.35009765625,3705.35009765625
2022-03-30,3738.0,3738.0,3706.199951171875,3731.550048828125,3731.550048828125
2022-03-31,3740.0,3754.64990234375,3720.199951171875,3739.949951171875,3739.949951171875
2022-04-01,3748.0,3763.0,3728.050048828125,3758.75,3758.75
2022-04-04,3762.0,3780.0,3737.10009765625,3770.35009765625,3770.35009765625
2022-04-05,3772.0,3835.60009765625,3772.0,3814.800048828125,3814.800048828125
2022-04-06,3809.300048828125,3809.300048828125,3731.14990234375,3755.35009765625,3755.35009765625
2022-04-07,3745.5,3745.5,3679.0,3684.14990234375,3684.14990234375
2022-04-08,3690.0,3705.0,3642.5,3685.64990234375,3685.64990234375
2022-04-11,3690.0,3712.35009765625,3656.10009765625,3696.39990234375,3696.39990234375
2022-04-12,3683.0,3739.0,3648.35009765625,3691.10009765625,3691.10009765625
2022-04-13,3707.0,3709.85009765625,3655.550048828125,3661.949951171875,3661.949951171875
2022-04-18,3610.0,3610.0,3522.5,3528.050048828125,3528.050048828125
2022-04-19,3550.0,3563.550048828125,3439.14990234375,3471.89990234375,3471.89990234375
2022-04-20,3500.0,3569.14990234375,3480.0,3556.800048828125,3556.800048828125
2022-04-21,3580.0,3644.0,3567.39990234375,3628.64990234375,3628.64990234375
2022-04-22,3581.10009765625,3617.0,3571.5,3612.550048828125,3612.550048828125
2022-04-25,3558.0,3584.0,3533.10009765625,3548.199951171875,3548.199951171875
2022-04-26,3575.14990234375,3587.89990234375,3518.14990234375,3546.300048828125,3546.300048828125
2022-04-27,3546.0,3568.449951171875,3506.300048828125,3561.199951171875,3561.199951171875
2022-04-28,3588.0,3604.39990234375,3538.050048828125,3584.300048828125,3584.300048828125
2022-04-29,3597.0,3623.25,3536.85009765625,3546.699951171875,3546.699951171875
2022-05-02,3519.89990234375,3547.949951171875,3492.75,3542.39990234375,3542.39990234375
2022-05-04,3538.5,3545.449951171875,3465.300048828125,3479.75,3479.75
2022-05-05,3512.10009765625,3533.0,3485.35009765625,3513.39990234375,3513.39990234375
2022-05-06,3459.0,3474.5,3424.5,3432.60009765625,3432.60009765625
2022-05-09,3398.0,3456.0,3346.85009765625,3445.10009765625,3445.10009765625
2022-05-10,3434.0,3464.800048828125,3422.0,3438.75,3438.75
2022-05-11,3435.0,3448.449951171875,3382.14990234375,3412.0,3412.0
2022-05-12,3378.0,3449.699951171875,3350.10009765625,3408.64990234375,3408.64990234375
2022-05-13,3435.0,3439.89990234375,3382.14990234375,3414.89990234375,3414.89990234375
2022-05-16,3415.0,3430.0,3366.60009765625,3376.800048828125,3376.800048828125
2022-05-17,3370.0,3467.0,3350.39990234375,3451.60009765625,3451.60009765625
2022-05-18,3465.0,3495.0,3443.050048828125,3448.800048828125,3448.800048828125
2022-05-19,3397.0,3405.0,3230.0,3261.949951171875,3261.949951171875
2022-05-20,3310.0,3313.89990234375,3270.050048828125,3293.0,3293.0
2022-05-23,3304.800048828125,3338.89990234375,3267.0,3321.75,3321.75
2022-05-24,3315.14990234375,3324.85009765625,3275.60009765625,3288.0,3288.0
2022-05-25,3292.85009765625,3292.85009765625,3154.050048828125,3167.64990234375,3167.64990234375
2022-05-26,3191.0,3241.5,3180.550048828125,3226.949951171875,3226.949951171875
2022-05-27,3253.199951171875,3278.89990234375,3229.199951171875,3261.300048828125,3261.300048828125
2022-05-30,3297.0,3386.60009765625,3286.35009765625,3375.25,3375.25
2022-05-31,3354.14990234375,3383.39990234375,3325.0,3364.35009765625,3364.35009765625
2022-06-01,3388.0,3388.0,3340.050048828125,3355.199951171875,3355.199951171875
2022-06-02,3355.0,3432.0,3346.300048828125,3423.0,3423.0
2022-06-03,3459.39990234375,3477.300048828125,3431.199951171875,3440.14990234375,3440.14990234375
2022-06-06,3418.0,3453.0,3377.14990234375,3430.949951171875,3430.949951171875
2022-06-07,3401.050048828125,3418.85009765625,3356.0,3362.699951171875,3362.699951171875
2022-06-08,3380.14990234375,3413.949951171875,3346.5,3404.14990234375,3404.14990234375
2022-06-09,3385.0,3437.0,3353.10009765625,3427.10009765625,3427.10009765625
2022-06-10,3382.0,3393.0,3352.0,3359.89990234375,3359.89990234375
2022-06-13,3290.0,3293.0,3192.449951171875,3219.60009765625,3219.60009765625
2022-06-14,3190.0,3238.89990234375,3174.699951171875,3210.550048828125,3210.550048828125
2022-06-15,3218.5,3234.0,3201.0,3206.300048828125,3206.300048828125
2022-06-16,3240.0,3244.85009765625,3133.050048828125,3142.0,3142.0
2022-06-17,3092.0,3118.75,3023.85009765625,3088.89990234375,3088.89990234375
2022-06-20,3094.0,3138.75,3069.0,3112.39990234375,3112.39990234375
2022-06-21,3130.0,3237.75,3125.39990234375,3211.949951171875,3211.949951171875
2022-06-22,3199.89990234375,3250.550048828125,3183.0,3222.949951171875,3222.949951171875
2022-06-23,3222.949951171875,3318.0,3222.949951171875,3308.800048828125,3308.800048828125
2022-06-24,3339.0,3345.0,3277.5,3293.10009765625,3293.10009765625
2022-06-27,3350.0,3362.89990234375,3306.5,3314.699951171875,3314.699951171875
2022-06-28,3307.0,3330.0,3272.60009765625,3318.14990234375,3318.14990234375
2022-06-29,3271.0,3333.0,3271.0,3290.5,3290.5
2022-06-30,3272.0,3310.89990234375,3255.0,3267.10009765625,3267.10009765625
2022-07-01,3260.0,3333.0,3252.050048828125,3315.10009765625,3315.10009765625
2022-07-04,3312.0,3317.949951171875,3225.050048828125,3235.050048828125,3235.050048828125
2022-07-05,3255.0,3272.0,3206.949951171875,3216.300048828125,3216.300048828125
2022-07-06,3218.5,3268.5,3202.25,3260.75,3260.75
2022-07-07,3271.0,3319.39990234375,3265.050048828125,3287.85009765625,3287.85009765625
2022-07-08,3300.0,3305.0,3250.0,3265.449951171875,3265.449951171875
2022-07-11,3206.14990234375,3225.0,3106.0,3113.800048828125,3113.800048828125
2022-07-12,3114.89990234375,3136.199951171875,3080.25,3084.699951171875,3084.699951171875
2022-07-13,3104.0,3110.0,3035.0,3038.75,3038.75
2022-07-14,3056.0,3057.0,2967.0,2998.75,2998.75
2022-07-15,3018.550048828125,3028.89990234375,2953.0,2994.60009765625,2994.60009765625
2022-07-18,3023.0,3076.949951171875,3014.300048828125,3063.5,3063.5
2022-07-19,3030.050048828125,3078.949951171875,3030.050048828125,3074.25,3074.25
2022-07-20,3107.800048828125,3171.949951171875,3098.050048828125,3164.800048828125,3164.800048828125
2022-07-21,3167.0,3184.0,3144.050048828125,3177.300048828125,3177.300048828125
2022-07-22,3185.0,3197.0,3143.5,3171.0,3171.0
2022-07-25,3165.0,3186.449951171875,3149.10009765625,3166.75,3166.75
2022-07-26,3164.699951171875,3168.89990234375,3096.5,3115.89990234375,3115.89990234375
2022-07-27,3115.0,3194.10009765625,3110.0,3188.85009765625,3188.85009765625
2022-07-28,3216.0,3264.0,3201.64990234375,3260.5,3260.5
2022-07-29,3290.0,3317.300048828125,3275.0,3301.89990234375,3301.89990234375
2022-08-01,3327.0,3327.0,3271.0,3298.800048828125,3298.800048828125
2022-08-02,3290.0,3312.89990234375,3271.64990234375,3291.800048828125,3291.800048828125
2022-08-03,3280.0,3349.0,3277.050048828125,3339.5,3339.5
2022-08-04,3350.0,3387.89990234375,3307.35009765625,3354.949951171875,3354.949951171875
2022-08-05,3361.199951171875,3377.0,3355.0,3365.050048828125,3365.050048828125
2022-08-08,3365.0,3378.89990234375,3336.0,3374.449951171875,3374.449951171875
2022-08-10,3385.0,3385.0,3335.0,3354.25,3354.25
2022-08-11,3400.0,3428.699951171875,3375.050048828125,3422.5,3422.5
2022-08-12,3419.0,3419.0,3381.25,3401.550048828125,3401.550048828125
2022-08-16,3411.0,3414.85009765625,3387.5,3392.699951171875,3392.699951171875
2022-08-17,3385.10009765625,3417.949951171875,3371.10009765625,3401.10009765625,3401.10009765625
2022-08-18,3390.0,3392.0,3362.0,3381.25,3381.25
2022-08-19,3387.0,3421.5,3371.25,3385.75,3385.75
2022-08-22,3365.0,3384.10009765625,3347.39990234375,3354.550048828125,3354.550048828125
2022-08-23,3319.949951171875,3341.89990234375,3270.0,3284.60009765625,3284.60009765625
2022-08-24,3292.0,3308.0,3250.199951171875,3255.35009765625,3255.35009765625
2022-08-25,3276.0,3278.14990234375,3214.75,3218.199951171875,3218.199951171875
2022-08-26,3234.300048828125,3257.0,3216.800048828125,3222.199951171875,3222.199951171875
2022-08-29,3125.0,3142.699951171875,3081.0,3132.550048828125,3132.550048828125
2022-08-30,3155.0,3226.5,3142.10009765625,3211.14990234375,3211.14990234375
2022-09-01,3190.0,3190.0,3121.0,3131.699951171875,3131.699951171875
2022-09-02,3163.0,3163.0,3120.300048828125,3130.39990234375,3130.39990234375
2022-09-05,3123.64990234375,3147.949951171875,3112.25,3133.39990234375,3133.39990234375
2022-09-06,3135.5,3140.85009765625,3106.35009765625,3127.050048828125,3127.050048828125
2022-09-07,3102.0,3161.89990234375,3102.0,3149.60009765625,3149.60009765625
2022-09-08,3170.0,3183.5,3160.10009765625,3169.64990234375,3169.64990234375
2022-09-09,3195.0,3233.5,3168.5,3217.64990234375,3217.64990234375
2022-09-12,3239.89990234375,3269.800048828125,3225.0,3242.949951171875,3242.949951171875
2022-09-13,3263.449951171875,3263.449951171875,3225.0,3229.35009765625,3229.35009765625
2022-09-14,3135.0,3141.39990234375,3113.800048828125,3120.39990234375,3120.39990234375
2022-09-15,3130.0,3137.75,3100.0,3104.35009765625,3104.35009765625
2022-09-16,3076.0,3094.35009765625,3000.0,3008.699951171875,3008.699951171875
2022-09-19,3036.0,3042.0,2987.800048828125,3028.800048828125,3028.800048828125
2022-09-20,3050.0,3079.949951171875,3030.0,3040.300048828125,3040.300048828125
2022-09-21,3028.0,3041.39990234375,2998.14990234375,3001.199951171875,3001.199951171875
2022-09-22,2990.0,3029.949951171875,2979.300048828125,3007.39990234375,3007.39990234375
2022-09-23,3004.0,3022.5,2979.0,2982.050048828125,2982.050048828125
2022-09-26,2959.85009765625,3025.85009765625,2926.10009765625,2994.39990234375,2994.39990234375
2022-09-27,3009.39990234375,3025.0,2976.0,3017.449951171875,3017.449951171875
2022-09-28,2980.0,3049.949951171875,2980.0,3035.64990234375,3035.64990234375
2022-09-29,3054.0,3055.85009765625,2990.0,2997.300048828125,2997.300048828125
2022-09-30,2990.85009765625,3019.699951171875,2950.10009765625,3004.550048828125,3004.550048828125
2022-10-03,2995.0,3020.699951171875,2974.0,2984.949951171875,2984.949951171875
2022-10-04,3029.949951171875,3098.0,3023.0,3091.14990234375,3091.14990234375
2022-10-06,3111.0,3124.0,3092.449951171875,3101.949951171875,3101.949951171875
2022-10-07,3097.39990234375,3105.0,3058.10009765625,3064.89990234375,3064.89990234375
2022-10-10,3010.0,3127.0,3005.0,3118.550048828125,3118.550048828125
2022-10-11,3100.0,3145.0,3053.35009765625,3069.550048828125,3069.550048828125
2022-10-12,3084.89990234375,3109.89990234375,3062.050048828125,3100.75,3100.75
2022-10-13,3100.75,3110.0,3052.35009765625,3103.300048828125,3103.300048828125
2022-10-14,3145.0,3150.0,3071.0,3099.14990234375,3099.14990234375
2022-10-17,3072.64990234375,3128.39990234375,3071.449951171875,3111.75,3111.75
2022-10-18,3150.0,3155.35009765625,3128.550048828125,3144.699951171875,3144.699951171875
2022-10-19,3159.0,3159.0,3112.0,3121.85009765625,3121.85009765625
2022-10-20,3105.0,3160.0,3105.0,3157.300048828125,3157.300048828125
2022-10-21,3157.800048828125,3160.39990234375,3127.0,3137.39990234375,3137.39990234375
2022-10-24,3170.10009765625,3178.0,3155.0,3161.699951171875,3161.699951171875
2022-10-25,3180.5,3184.25,3151.14990234375,3162.10009765625,3162.10009765625
2022-10-27,3160.699951171875,3174.0,3134.35009765625,3157.39990234375,3157.39990234375
2022-10-28,3150.0,3178.5,3145.0,3163.25,3163.25
2022-10-31,3199.0,3199.0,3177.800048828125,3193.14990234375,3193.14990234375
2022-11-01,3214.5,3262.60009765625,3203.449951171875,3259.699951171875,3259.699951171875
2022-11-02,3270.0,3270.0,3222.050048828125,3241.699951171875,3241.699951171875
2022-11-03,3228.050048828125,3228.050048828125,3195.0,3206.75,3206.75
2022-11-04,3217.0,3220.050048828125,3166.14990234375,3217.39990234375,3217.39990234375
2022-11-07,3229.0,3242.800048828125,3195.10009765625,3233.699951171875,3233.699951171875
2022-11-09,3249.800048828125,3249.800048828125,3201.64990234375,3216.050048828125,3216.050048828125
2022-11-10,3170.0,3225.0,3170.0,3205.64990234375,3205.64990234375
2022-11-11,3269.60009765625,3341.60009765625,3255.050048828125,3315.949951171875,3315.949951171875
2022-11-14,3324.0,3349.0,3309.0,3335.5,3335.5
2022-11-15,3321.0,3339.949951171875,3292.0,3332.60009765625,3332.60009765625
2022-11-16,3338.89990234375,3367.89990234375,3321.449951171875,3355.35009765625,3355.35009765625
2022-11-17,3340.0,3360.0,3317.75,3349.0,3349.0
2022-11-18,3350.0,3362.75,3321.0,3343.449951171875,3343.449951171875
2022-11-21,3322.5,3333.699951171875,3273.0,3283.5,3283.5
2022-11-22,3280.0,3318.949951171875,3255.25,3314.949951171875,3314.949951171875
2022-11-23,3330.0,3330.0,3291.0,3308.300048828125,3308.300048828125
2022-11-24,3316.25,3392.949951171875,3308.300048828125,3380.14990234375,3380.14990234375
2022-11-25,3383.0,3403.35009765625,3348.0,3389.64990234375,3389.64990234375
2022-11-28,3366.0,3417.0,3365.550048828125,3395.25,3395.25
2022-11-29,3383.0,3429.0,3383.0,3397.35009765625,3397.35009765625
2022-11-30,3383.0,3414.89990234375,3375.0,3390.800048828125,3390.800048828125
2022-12-01,3425.0,3480.0,3420.0,3475.64990234375,3475.64990234375
2022-12-02,3458.10009765625,3468.89990234375,3413.0,3439.14990234375,3439.14990234375
2022-12-05,3433.0,3439.14990234375,3407.0,3425.89990234375,3425.89990234375
2022-12-06,3400.050048828125,3407.949951171875,3368.0,3385.35009765625,3385.35009765625
2022-12-07,3368.300048828125,3393.699951171875,3354.0,3380.60009765625,3380.60009765625
2022-12-08,3360.0,3380.60009765625,3339.449951171875,3350.550048828125,3350.550048828125
2022-12-09,3374.10009765625,3374.10009765625,3276.35009765625,3292.75,3292.75
2022-12-12,3255.5,3296.0,3236.10009765625,3286.449951171875,3286.449951171875
2022-12-13,3277.199951171875,3336.449951171875,3267.800048828125,3332.10009765625,3332.10009765625
2022-12-14,3348.800048828125,3377.0,3340.89990234375,3365.35009765625,3365.35009765625
2022-12-15,3358.800048828125,3364.75,3298.949951171875,3305.10009765625,3305.10009765625
2022-12-16,3275.0,3292.0,3225.199951171875,3240.25,3240.25
2022-12-19,3227.0,3245.5,3194.5,3202.050048828125,3202.050048828125
2022-12-20,3198.89990234375,3249.0,3163.64990234375,3243.949951171875,3243.949951171875
2022-12-21,3249.0,3283.050048828125,3240.0,3268.550048828125,3268.550048828125
2022-12-22,3294.0,3294.0,3245.10009765625,3259.699951171875,3259.699951171875
2022-12-23,3217.0,3266.85009765625,3217.0,3228.35009765625,3228.35009765625
2022-12-26,3228.35009765625,3272.0,3225.050048828125,3252.89990234375,3252.89990234375
2022-12-27,3269.199951171875,3273.800048828125,3231.5,3259.5,3259.5
2022-12-28,3249.800048828125,3266.10009765625,3226.0,3257.10009765625,3257.10009765625
2022-12-29,3231.10009765625,3271.5,3228.0,3268.75,3268.75
2022-12-30,3286.050048828125,3299.0,3246.199951171875,3256.699951171875,3256.699951171875
2023-01-02,3261.0,3266.85009765625,3235.199951171875,3261.449951171875,3261.449951171875
2023-01-03,3252.0,3320.0,3245.300048828125,3311.35009765625,3311.35009765625
2023-01-04,3306.699951171875,3327.35009765625,3286.199951171875,3314.64990234375,3314.64990234375
2023-01-05,3330.199951171875,3337.300048828125,3281.949951171875,3311.10009765625,3311.10009765625
2023-01-06,3300.0,3301.550048828125,3200.0,3211.550048828125,3211.550048828125
2023-01-09,3229.0,3327.0,3221.14990234375,3319.949951171875,3319.949951171875
2023-01-10,3285.0,3298.0,3230.10009765625,3286.39990234375,3286.39990234375
2023-01-11,3290.10009765625,3349.5,3271.14990234375,3328.699951171875,3328.699951171875
2023-01-12,3329.0,3350.0,3315.550048828125,3334.35009765625,3334.35009765625
2023-01-13,3342.89990234375,3379.0,3305.0,3374.550048828125,3374.550048828125
2023-01-16,3317.0,3353.0,3298.050048828125,3334.050048828125,3334.050048828125
2023-01-17,3330.0,3381.800048828125,3321.0,3378.39990234375,3378.39990234375
2023-01-18,3380.0,3408.949951171875,3372.25,3390.0,3390.0
2023-01-19,3380.0,3387.0,3361.0,3373.10009765625,3373.10009765625
2023-01-20,3365.0,3394.64990234375,3355.60009765625,3363.10009765625,3363.10009765625
2023-01-23,3388.0,3419.0,3355.60009765625,3414.89990234375,3414.89990234375
2023-01-24,3425.0,3451.949951171875,3417.300048828125,3436.300048828125,3436.300048828125
2023-01-25,3425.300048828125,3435.0,3405.0,3429.75,3429.75
2023-01-27,3426.0,3446.0,3382.300048828125,3411.050048828125,3411.050048828125
2023-01-30,3420.0,3458.449951171875,3385.550048828125,3433.64990234375,3433.64990234375
2023-01-31,3449.0,3449.0,3351.0,3358.699951171875,3358.699951171875
2023-02-01,3363.0,3419.0,3355.0,3408.35009765625,3408.35009765625
2023-02-02,3427.0,3469.0,3420.10009765625,3460.39990234375,3460.39990234375
2023-02-03,3504.0,3504.0,3452.89990234375,3482.300048828125,3482.300048828125
2023-02-06,3473.14990234375,3473.14990234375,3436.85009765625,3459.949951171875,3459.949951171875
2023-02-07,3468.89990234375,3493.0,3461.39990234375,3472.550048828125,3472.550048828125
2023-02-08,3478.050048828125,3539.89990234375,3478.050048828125,3520.10009765625,3520.10009765625
2023-02-09,3515.0,3547.60009765625,3505.300048828125,3540.85009765625,3540.85009765625
2023-02-10,3520.0,3542.35009765625,3508.14990234375,3537.550048828125,3537.550048828125
2023-02-13,3549.0,3549.0,3473.39990234375,3482.39990234375,3482.39990234375
2023-02-14,3505.0,3524.85009765625,3495.0,3500.10009765625,3500.10009765625
2023-02-15,3487.0,3526.0,3460.14990234375,3520.64990234375,3520.64990234375
2023-02-16,3527.199951171875,3575.0,3527.0,3558.050048828125,3558.050048828125
2023-02-17,3526.14990234375,3538.89990234375,3490.0,3501.14990234375,3501.14990234375
2023-02-20,3502.0,3522.0,3475.050048828125,3487.300048828125,3487.300048828125
2023-02-21,3494.0,3508.89990234375,3444.75,3451.0,3451.0
2023-02-22,3414.949951171875,3447.0,3395.0,3401.550048828125,3401.550048828125
2023-02-23,3421.0,3452.39990234375,3408.0,3413.800048828125,3413.800048828125
2023-02-24,3422.5,3433.949951171875,3382.300048828125,3400.449951171875,3400.449951171875
2023-02-27,3390.0,3390.0,3316.0,3331.85009765625,3331.85009765625
2023-02-28,3328.5,3392.0,3299.89990234375,3312.85009765625,3312.85009765625
2023-03-01,3323.0,3389.0,3315.0,3385.699951171875,3385.699951171875
2023-03-02,3361.0,3369.89990234375,3318.0,3321.449951171875,3321.449951171875
2023-03-03,3354.0,3358.0,3331.10009765625,3342.14990234375,3342.14990234375
2023-03-06,3361.89990234375,3404.949951171875,3359.0,3371.85009765625,3371.85009765625
2023-03-08,3364.0,3396.0,3330.85009765625,3390.39990234375,3390.39990234375
2023-03-09,3385.0,3385.0,3330.85009765625,3336.85009765625,3336.85009765625
2023-03-10,3312.89990234375,3337.25,3290.0,3331.0,3331.0
2023-03-13,3333.0,3369.800048828125,3272.0,3281.949951171875,3281.949951171875
2023-03-14,3280.0,3304.39990234375,3209.39990234375,3214.949951171875,3214.949951171875
2023-03-15,3250.0,3260.35009765625,3192.0,3198.89990234375,3198.89990234375
2023-03-16,3208.0,3219.800048828125,3172.0,3185.0,3185.0
2023-03-17,3150.5,3221.39990234375,3144.0,3179.300048828125,3179.300048828125
2023-03-20,3169.64990234375,3169.64990234375,3095.050048828125,3143.300048828125,3143.300048828125
2023-03-21,3143.300048828125,3156.75,3097.449951171875,3106.10009765625,3106.10009765625
2023-03-22,3130.050048828125,3143.5,3106.10009765625,3130.800048828125,3130.800048828125
